County,State,FIPS,Lyme Disease Incidence Reported
Wyoming,Wyoming,99945,3
Wisconsin,Wisconsin,99944,0
West Virginia,West Virginia,99943,256
Washington,Washington,99942,0
Virginia,Virginia,99941,124
Vermont,Vermont,99940,0
Texas,Texas,99939,20
Tennessee,Tennessee,99938,14
South Dakota,South Dakota,99937,0
South Carolina,South Carolina,99936,0
Rhode Island,Rhode Island,99935,0
Pennsylvania,Pennsylvania,99934,0
Oregon,Oregon,99933,0
Ohio,Ohio,99932,0
North Dakota,North Dakota,99931,0
North Carolina,North Carolina,99930,0
New Mexico,New Mexico,99929,0
New Jersey,New Jersey,99928,2
New Hampshire,New Hampshire,99927,21
Nevada,Nevada,99926,1
Nebraska,Nebraska,99925,0
Montana,Montana,99924,4
Missouri,Missouri,99923,0
Mississippi,Mississippi,99922,0
Minnesota,Minnesota,99921,0
Michigan,Michigan,99920,1
Massachusetts,Massachusetts,99919,0
Maryland,Maryland,99918,0
Maine,Maine,99917,1
Lousiana,Louisiana,99916,4
LaSalle,Louisiana,99915,0
Kentucky,Kentucky,99914,16
Kansas,Kansas,99913,1
Indiana,Indiana,99912,62
Illinois,Illinois,99911,0
Georgia,Georgia,99910,0
Florida,Florida,99909,0
Delaware,Delaware,99907,25
Connecticut,Connecticut,99906,7
Colorado,Colorado,99905,0
California,California,99904,0
Arizona,Arizona,99903,0
Alaska,Alaska,99902,0
Alabama,Alabama,99901,0
Weston,Wyoming,56045,0
Washakie,Wyoming,56043,0
Uinta,Wyoming,56041,0
Teton,Wyoming,56039,0
Sweetwater,Wyoming,56037,0
Sublette,Wyoming,56035,0
Sheridan,Wyoming,56033,0
Platte,Wyoming,56031,0
Park,Wyoming,56029,0
Niobrara,Wyoming,56027,0
Natrona,Wyoming,56025,0
Lincoln,Wyoming,56023,0
Laramie,Wyoming,56021,1
Johnson,Wyoming,56019,0
Hot Springs,Wyoming,56017,0
Goshen,Wyoming,56015,0
Fremont,Wyoming,56013,1
Crook,Wyoming,56011,0
Converse,Wyoming,56009,0
Carbon,Wyoming,56007,0
Campbell,Wyoming,56005,0
Big Horn,Wyoming,56003,0
Albany,Wyoming,56001,0
Wood,Wisconsin,55141,40
Winnebago,Wisconsin,55139,27
Waushara,Wisconsin,55137,25
Waupaca,Wisconsin,55135,49
Waukesha,Wisconsin,55133,155
Washington,Wisconsin,55131,27
Washburn,Wisconsin,55129,26
Walworth,Wisconsin,55127,14
Vilas,Wisconsin,55125,12
Vernon,Wisconsin,55123,65
Trempealeau,Wisconsin,55121,20
Taylor,Wisconsin,55119,12
Sheboygan,Wisconsin,55117,6
Shawano,Wisconsin,55115,10
Sawyer,Wisconsin,55113,13
Sauk,Wisconsin,55111,68
St. Croix,Wisconsin,55109,18
Rusk,Wisconsin,55107,1
Rock,Wisconsin,55105,11
Richland,Wisconsin,55103,22
Racine,Wisconsin,55101,17
Price,Wisconsin,55099,2
Portage,Wisconsin,55097,56
Polk,Wisconsin,55095,47
Pierce,Wisconsin,55093,27
Pepin,Wisconsin,55091,4
Ozaukee,Wisconsin,55089,9
Outagamie,Wisconsin,55087,68
Oneida,Wisconsin,55085,41
Oconto,Wisconsin,55083,63
Monroe,Wisconsin,55081,27
Milwaukee,Wisconsin,55079,72
Menominee,Wisconsin,55078,9
Marquette,Wisconsin,55077,53
Marinette,Wisconsin,55075,92
Marathon,Wisconsin,55073,39
Manitowoc,Wisconsin,55071,17
Lincoln,Wisconsin,55069,24
Langlade,Wisconsin,55067,4
Lafayette,Wisconsin,55065,1
La Crosse,Wisconsin,55063,37
Kewaunee,Wisconsin,55061,0
Kenosha,Wisconsin,55059,26
Juneau,Wisconsin,55057,33
Jefferson,Wisconsin,55055,17
Jackson,Wisconsin,55053,15
Iron,Wisconsin,55051,2
Iowa,Wisconsin,55049,9
Green Lake,Wisconsin,55047,16
Green,Wisconsin,55045,6
Grant,Wisconsin,55043,33
Forest,Wisconsin,55041,1
Fond du Lac,Wisconsin,55039,25
Florence,Wisconsin,55037,10
Eau Claire,Wisconsin,55035,67
Dunn,Wisconsin,55033,15
Douglas,Wisconsin,55031,52
Door,Wisconsin,55029,33
Dodge,Wisconsin,55027,16
Dane,Wisconsin,55025,144
Crawford,Wisconsin,55023,23
Columbia,Wisconsin,55021,47
Clark,Wisconsin,55019,4
Chippewa,Wisconsin,55017,36
Calumet,Wisconsin,55015,14
Burnett,Wisconsin,55013,35
Buffalo,Wisconsin,55011,12
Brown,Wisconsin,55009,79
Bayfield,Wisconsin,55007,12
Barron,Wisconsin,55005,21
Ashland,Wisconsin,55003,0
Adams,Wisconsin,55001,45
Wyoming,West Virginia,54109,1
Wood,West Virginia,54107,1
Wirt,West Virginia,54105,0
Wetzel,West Virginia,54103,18
Webster,West Virginia,54101,0
Wayne,West Virginia,54099,0
Upshur,West Virginia,54097,25
Tyler,West Virginia,54095,0
Tucker,West Virginia,54093,3
Taylor,West Virginia,54091,2
Summers,West Virginia,54089,1
Roane,West Virginia,54087,1
Ritchie,West Virginia,54085,0
Randolph,West Virginia,54083,5
Raleigh,West Virginia,54081,18
Putnam,West Virginia,54079,4
Preston,West Virginia,54077,10
Pocahontas,West Virginia,54075,3
Pleasants,West Virginia,54073,1
Pendleton,West Virginia,54071,3
Ohio,West Virginia,54069,10
Nicholas,West Virginia,54067,0
Morgan,West Virginia,54065,7
Monroe,West Virginia,54063,9
Monongalia,West Virginia,54061,63
Mingo,West Virginia,54059,26
Mineral,West Virginia,54057,13
Mercer,West Virginia,54055,13
Mason,West Virginia,54053,1
Marshall,West Virginia,54051,4
Marion,West Virginia,54049,14
McDowell,West Virginia,54047,0
Logan,West Virginia,54045,0
Lincoln,West Virginia,54043,1
Lewis,West Virginia,54041,3
Kanawha,West Virginia,54039,12
Jefferson,West Virginia,54037,41
Jackson,West Virginia,54035,1
Harrison,West Virginia,54033,26
Hardy,West Virginia,54031,2
Hancock,West Virginia,54029,22
Hampshire,West Virginia,54027,26
Greenbrier,West Virginia,54025,16
Grant,West Virginia,54023,2
Gilmer,West Virginia,54021,0
Fayette,West Virginia,54019,2
Doddridge,West Virginia,54017,4
Clay,West Virginia,54015,1
Calhoun,West Virginia,54013,1
Cabell,West Virginia,54011,168
Brooke,West Virginia,54009,2
Braxton,West Virginia,54007,2
Boone,West Virginia,54005,9
Berkeley,West Virginia,54003,23
Barbour,West Virginia,54001,9
Yakima,Washington,53077,1
Whitman,Washington,53075,1
Whatcom,Washington,53073,2
Walla Walla,Washington,53071,0
Wahkiakum,Washington,53069,0
Thurston,Washington,53067,5
Stevens,Washington,53065,0
Spokane,Washington,53063,1
Snohomish,Washington,53061,5
Skamania,Washington,53059,0
Skagit,Washington,53057,1
San Juan,Washington,53055,0
Pierce,Washington,53053,4
Pend Oreille,Washington,53051,0
Pacific,Washington,53049,0
Okanogan,Washington,53047,0
Mason,Washington,53045,0
Lincoln,Washington,53043,0
Lewis,Washington,53041,0
Klickitat,Washington,53039,0
Kittitas,Washington,53037,0
Kitsap,Washington,53035,2
King,Washington,53033,18
Jefferson,Washington,53031,0
Island,Washington,53029,0
Grays Harbor,Washington,53027,0
Grant,Washington,53025,0
Garfield,Washington,53023,0
Franklin,Washington,53021,0
Ferry,Washington,53019,0
Douglas,Washington,53017,0
Cowlitz,Washington,53015,0
Columbia,Washington,53013,0
Clark,Washington,53011,0
Clallam,Washington,53009,1
Chelan,Washington,53007,0
Benton,Washington,53005,1
Asotin,Washington,53003,0
Adams,Washington,53001,1
Winchester city,Virginia,51840,12
Williamsburg city,Virginia,51830,2
Waynesboro city,Virginia,51820,1
Virginia Beach city,Virginia,51810,13
Suffolk city,Virginia,51800,0
Staunton city,Virginia,51790,5
Salem city,Virginia,51775,1
Roanoke city,Virginia,51770,21
Richmond city,Virginia,51760,9
Radford city,Virginia,51750,4
Portsmouth city,Virginia,51740,0
Poquoson city,Virginia,51735,1
Petersburg city,Virginia,51730,0
Norton city,Virginia,51720,0
Norfolk city,Virginia,51710,1
Newport News city,Virginia,51700,0
Martinsville city,Virginia,51690,1
Manassas Park city,Virginia,51685,1
Manassas city,Virginia,51683,4
Lynchburg city,Virginia,51680,13
Lexington city,Virginia,51678,1
Hopewell city,Virginia,51670,0
Harrisonburg city,Virginia,51660,6
Hampton city,Virginia,51650,3
Galax city,Virginia,51640,9
Fredericksburg city,Virginia,51630,1
Franklin city,Virginia,51620,0
Falls Church city,Virginia,51610,0
Fairfax city,Virginia,51600,0
Emporia city,Virginia,51595,0
Danville city,Virginia,51590,0
Covington city,Virginia,51580,3
Colonial Heights city,Virginia,51570,0
Chesapeake city,Virginia,51550,7
Charlottesville city,Virginia,51540,13
Buena Vista city,Virginia,51530,1
Bristol city,Virginia,51520,0
Alexandria city,Virginia,51510,18
York,Virginia,51199,1
Wythe,Virginia,51197,23
Wise,Virginia,51195,1
Westmoreland,Virginia,51193,0
Washington,Virginia,51191,4
Warren,Virginia,51187,22
Tazewell,Virginia,51185,3
Sussex,Virginia,51183,0
Surry,Virginia,51181,0
Stafford,Virginia,51179,13
Spotsylvania,Virginia,51177,9
Southampton,Virginia,51175,0
Smyth,Virginia,51173,6
Shenandoah,Virginia,51171,21
Scott,Virginia,51169,0
Russell,Virginia,51167,0
Rockingham,Virginia,51165,14
Rockbridge,Virginia,51163,14
Roanoke,Virginia,51161,38
Richmond,Virginia,51159,0
Rappahannock,Virginia,51157,4
Pulaski,Virginia,51155,31
Prince William,Virginia,51153,27
Prince George,Virginia,51149,0
Prince Edward,Virginia,51147,0
Powhatan,Virginia,51145,0
Pittsylvania,Virginia,51143,1
Patrick,Virginia,51141,2
Page,Virginia,51139,7
Orange,Virginia,51137,6
Nottoway,Virginia,51135,0
Northumberland,Virginia,51133,1
Northampton,Virginia,51131,0
New Kent,Virginia,51127,0
Nelson,Virginia,51125,4
Montgomery,Virginia,51121,31
Middlesex,Virginia,51119,1
Mecklenburg,Virginia,51117,0
Mathews,Virginia,51115,0
Madison,Virginia,51113,3
Lunenburg,Virginia,51111,0
Louisa,Virginia,51109,5
Loudoun,Virginia,51107,161
Lee,Virginia,51105,1
Lancaster,Virginia,51103,0
King William,Virginia,51101,1
King George,Virginia,51099,9
King and Queen,Virginia,51097,0
James City,Virginia,51095,2
Isle of Wight,Virginia,51093,0
Highland,Virginia,51091,2
Henry,Virginia,51089,3
Henrico,Virginia,51087,4
Hanover,Virginia,51085,1
Halifax,Virginia,51083,1
Greensville,Virginia,51081,0
Greene,Virginia,51079,7
Grayson,Virginia,51077,10
Goochland,Virginia,51075,0
Gloucester,Virginia,51073,2
Giles,Virginia,51071,7
Frederick,Virginia,51069,42
Franklin,Virginia,51067,1
Fluvanna,Virginia,51065,12
Floyd,Virginia,51063,32
Fauquier,Virginia,51061,32
Fairfax,Virginia,51059,113
Essex,Virginia,51057,0
Dinwiddie,Virginia,51053,1
Dickenson,Virginia,51051,0
Cumberland,Virginia,51049,1
Culpeper,Virginia,51047,12
Craig,Virginia,51045,2
Clarke,Virginia,51043,8
Chesterfield,Virginia,51041,12
Charlotte,Virginia,51037,0
Charles City,Virginia,51036,0
Carroll,Virginia,51035,34
Caroline,Virginia,51033,3
Campbell,Virginia,51031,10
Buckingham,Virginia,51029,0
Buchanan,Virginia,51027,0
Brunswick,Virginia,51025,0
Botetourt,Virginia,51023,12
Bland,Virginia,51021,2
Bedford,Virginia,51019,22
Bedford,Virginia,51019,0
Bath,Virginia,51017,4
Augusta,Virginia,51015,25
Arlington,Virginia,51013,12
Appomattox,Virginia,51011,1
Amherst,Virginia,51009,7
Amelia,Virginia,51007,0
Alleghany,Virginia,51005,0
Albemarle,Virginia,51003,20
Accomack,Virginia,51001,1
Windsor,Vermont,50027,161
Windham,Vermont,50025,133
Washington,Vermont,50023,62
Rutland,Vermont,50021,184
Orleans,Vermont,50019,0
Orange,Vermont,50017,40
Lamoille,Vermont,50015,21
Grand Isle,Vermont,50013,26
Franklin,Vermont,50011,45
Essex,Vermont,50009,0
Chittenden,Vermont,50007,207
Caledonia,Vermont,50005,22
Bennington,Vermont,50003,83
Addison,Vermont,50001,80
Weber,Utah,49057,0
Wayne,Utah,49055,0
Washington,Utah,49053,1
Wasatch,Utah,49051,0
Utah,Utah,49049,4
Utah,Utah,49049,0
Uintah,Utah,49047,0
Tooele,Utah,49045,0
Summit,Utah,49043,1
Sevier,Utah,49041,0
Sanpete,Utah,49039,0
San Juan,Utah,49037,0
Salt Lake,Utah,49035,8
Rich,Utah,49033,0
Piute,Utah,49031,0
Morgan,Utah,49029,0
Millard,Utah,49027,0
Kane,Utah,49025,0
Juab,Utah,49023,0
Iron,Utah,49021,0
Grand,Utah,49019,0
Garfield,Utah,49017,0
Emery,Utah,49015,0
Duchesne,Utah,49013,0
Davis,Utah,49011,4
Daggett,Utah,49009,0
Carbon,Utah,49007,0
Cache,Utah,49005,1
Box Elder,Utah,49003,0
Beaver,Utah,49001,0
Zavala,Texas,48507,0
Zapata,Texas,48505,0
Young,Texas,48503,0
Yoakum,Texas,48501,0
Wood,Texas,48499,0
Wise,Texas,48497,0
Winkler,Texas,48495,0
Wilson,Texas,48493,0
Williamson,Texas,48491,0
Willacy,Texas,48489,0
Wilbarger,Texas,48487,0
Wichita,Texas,48485,0
Wheeler,Texas,48483,0
Wharton,Texas,48481,0
Webb,Texas,48479,0
Washington,Texas,48477,0
Ward,Texas,48475,0
Waller,Texas,48473,0
Walker,Texas,48471,0
Victoria,Texas,48469,0
Van Zandt,Texas,48467,0
Val Verde,Texas,48465,0
Uvalde,Texas,48463,0
Upton,Texas,48461,0
Upshur,Texas,48459,0
Tyler,Texas,48457,0
Trinity,Texas,48455,0
Travis,Texas,48453,0
Tom Green,Texas,48451,0
Titus,Texas,48449,0
Throckmorton,Texas,48447,0
Terry,Texas,48445,0
Terrell,Texas,48443,0
Taylor,Texas,48441,0
Tarrant,Texas,48439,0
Swisher,Texas,48437,0
Sutton,Texas,48435,0
Stonewall,Texas,48433,0
Sterling,Texas,48431,0
Stephens,Texas,48429,0
Starr,Texas,48427,0
Somervell,Texas,48425,0
Smith,Texas,48423,0
Sherman,Texas,48421,0
Shelby,Texas,48419,0
Shackelford,Texas,48417,0
Scurry,Texas,48415,0
Schleicher,Texas,48413,0
San Saba,Texas,48411,0
San Patricio,Texas,48409,0
San Jacinto,Texas,48407,0
San Augustine,Texas,48405,0
Sabine,Texas,48403,0
Rusk,Texas,48401,0
Runnels,Texas,48399,0
Rockwall,Texas,48397,1
Robertson,Texas,48395,0
Roberts,Texas,48393,0
Refugio,Texas,48391,0
Reeves,Texas,48389,0
Red River,Texas,48387,0
Real,Texas,48385,0
Reagan,Texas,48383,0
Randall,Texas,48381,0
Rains,Texas,48379,0
Presidio,Texas,48377,0
Potter,Texas,48375,0
Polk,Texas,48373,0
Pecos,Texas,48371,0
Parmer,Texas,48369,0
Parker,Texas,48367,0
Panola,Texas,48365,0
Palo Pinto,Texas,48363,0
Orange,Texas,48361,0
Oldham,Texas,48359,0
Ochiltree,Texas,48357,0
Nueces,Texas,48355,0
Nolan,Texas,48353,0
Newton,Texas,48351,0
Navarro,Texas,48349,0
Nacogdoches,Texas,48347,0
Motley,Texas,48345,0
Morris,Texas,48343,0
Moore,Texas,48341,0
Montgomery,Texas,48339,0
Montague,Texas,48337,0
Mitchell,Texas,48335,0
Mills,Texas,48333,0
Milam,Texas,48331,0
Midland,Texas,48329,0
Menard,Texas,48327,0
Medina,Texas,48325,0
Maverick,Texas,48323,0
Matagorda,Texas,48321,0
Mason,Texas,48319,0
Martin,Texas,48317,0
Marion,Texas,48315,0
Madison,Texas,48313,0
McMullen,Texas,48311,0
McLennan,Texas,48309,0
McCulloch,Texas,48307,0
Lynn,Texas,48305,0
Lubbock,Texas,48303,0
Loving,Texas,48301,0
Llano,Texas,48299,0
Live Oak,Texas,48297,0
Lipscomb,Texas,48295,0
Limestone,Texas,48293,0
Liberty,Texas,48291,0
Leon,Texas,48289,0
Lee,Texas,48287,0
Lavaca,Texas,48285,0
La Salle,Texas,48283,0
Lampasas,Texas,48281,0
Lamb,Texas,48279,0
Lamar,Texas,48277,0
Knox,Texas,48275,0
Kleberg,Texas,48273,1
Kinney,Texas,48271,0
King,Texas,48269,0
Kimble,Texas,48267,0
Kerr,Texas,48265,0
Kent,Texas,48263,0
Kenedy,Texas,48261,0
Kendall,Texas,48259,0
Kaufman,Texas,48257,0
Karnes,Texas,48255,0
Jones,Texas,48253,0
Johnson,Texas,48251,0
Jim Wells,Texas,48249,0
Jim Hogg,Texas,48247,0
Jefferson,Texas,48245,2
Jeff Davis,Texas,48243,0
Jasper,Texas,48241,0
Jackson,Texas,48239,0
Jack,Texas,48237,0
Irion,Texas,48235,0
Hutchinson,Texas,48233,0
Hunt,Texas,48231,0
Hudspeth,Texas,48229,0
Howard,Texas,48227,0
Houston,Texas,48225,0
Hopkins,Texas,48223,0
Hood,Texas,48221,0
Hockley,Texas,48219,0
Hill,Texas,48217,0
Hidalgo,Texas,48215,0
Henderson,Texas,48213,0
Hemphill,Texas,48211,0
Hays,Texas,48209,0
Haskell,Texas,48207,0
Hartley,Texas,48205,0
Harrison,Texas,48203,0
Harris,Texas,48201,1
Hardin,Texas,48199,0
Hardeman,Texas,48197,0
Hansford,Texas,48195,0
Hamilton,Texas,48193,0
Hall,Texas,48191,0
Hale,Texas,48189,0
Guadalupe,Texas,48187,0
Grimes,Texas,48185,0
Gregg,Texas,48183,0
Grayson,Texas,48181,0
Gray,Texas,48179,3
Gonzales,Texas,48177,0
Goliad,Texas,48175,0
Glasscock,Texas,48173,0
Gillespie,Texas,48171,0
Garza,Texas,48169,0
Galveston,Texas,48167,0
Gaines,Texas,48165,0
Frio,Texas,48163,0
Freestone,Texas,48161,0
Franklin,Texas,48159,0
Fort Bend,Texas,48157,1
Foard,Texas,48155,0
Floyd,Texas,48153,0
Fisher,Texas,48151,0
Fayette,Texas,48149,0
Fannin,Texas,48147,0
Falls,Texas,48145,0
Erath,Texas,48143,0
El Paso,Texas,48141,0
Ellis,Texas,48139,0
Edwards,Texas,48137,0
Ector,Texas,48135,0
Eastland,Texas,48133,0
Duval,Texas,48131,0
Donley,Texas,48129,0
Dimmit,Texas,48127,0
Dickens,Texas,48125,0
DeWitt,Texas,48123,0
Denton,Texas,48121,0
Delta,Texas,48119,0
Deaf Smith,Texas,48117,0
Dawson,Texas,48115,1
Dallas,Texas,48113,0
Dallam,Texas,48111,0
Culberson,Texas,48109,0
Crosby,Texas,48107,0
Crockett,Texas,48105,0
Crane,Texas,48103,0
Cottle,Texas,48101,0
Coryell,Texas,48099,0
Cooke,Texas,48097,0
Concho,Texas,48095,0
Comanche,Texas,48093,0
Comal,Texas,48091,0
Colorado,Texas,48089,0
Collingsworth,Texas,48087,0
Collin,Texas,48085,0
Coleman,Texas,48083,1
Coke,Texas,48081,2
Cochran,Texas,48079,0
Clay,Texas,48077,0
Childress,Texas,48075,0
Cherokee,Texas,48073,0
Chambers,Texas,48071,0
Castro,Texas,48069,1
Cass,Texas,48067,0
Carson,Texas,48065,0
Camp,Texas,48063,0
Cameron,Texas,48061,1
Callahan,Texas,48059,0
Calhoun,Texas,48057,0
Caldwell,Texas,48055,1
Burnet,Texas,48053,0
Burleson,Texas,48051,0
Brown,Texas,48049,0
Brooks,Texas,48047,0
Briscoe,Texas,48045,0
Brewster,Texas,48043,0
Brazos,Texas,48041,0
Brazoria,Texas,48039,0
Bowie,Texas,48037,0
Bosque,Texas,48035,2
Borden,Texas,48033,0
Blanco,Texas,48031,0
Bexar,Texas,48029,0
Bell,Texas,48027,0
Bee,Texas,48025,0
Baylor,Texas,48023,0
Bastrop,Texas,48021,0
Bandera,Texas,48019,0
Bailey,Texas,48017,0
Austin,Texas,48015,0
Atascosa,Texas,48013,0
Armstrong,Texas,48011,0
Archer,Texas,48009,2
Aransas,Texas,48007,1
Angelina,Texas,48005,0
Andrews,Texas,48003,0
Anderson,Texas,48001,0
Wilson,Tennessee,47189,1
Williamson,Tennessee,47187,1
White,Tennessee,47185,0
Weakley,Tennessee,47183,0
Wayne,Tennessee,47181,0
Washington,Tennessee,47179,0
Warren,Tennessee,47177,0
Van Buren,Tennessee,47175,0
Union,Tennessee,47173,0
Unicoi,Tennessee,47171,1
Trousdale,Tennessee,47169,0
Tipton,Tennessee,47167,0
Sumner,Tennessee,47165,1
Sullivan,Tennessee,47163,2
Stewart,Tennessee,47161,0
Smith,Tennessee,47159,0
Shelby,Tennessee,47157,3
Sevier,Tennessee,47155,0
Sequatchie,Tennessee,47153,0
Scott,Tennessee,47151,1
Rutherford,Tennessee,47149,1
Robertson,Tennessee,47147,2
Roane,Tennessee,47145,0
Rhea,Tennessee,47143,0
Putnam,Tennessee,47141,0
Polk,Tennessee,47139,0
Pickett,Tennessee,47137,0
Perry,Tennessee,47135,0
Overton,Tennessee,47133,0
Obion,Tennessee,47131,0
Morgan,Tennessee,47129,0
Moore,Tennessee,47127,0
Montgomery,Tennessee,47125,0
Monroe,Tennessee,47123,0
Meigs,Tennessee,47121,0
Maury,Tennessee,47119,0
Marshall,Tennessee,47117,0
Marion,Tennessee,47115,0
Madison,Tennessee,47113,0
Macon,Tennessee,47111,1
McNairy,Tennessee,47109,0
McMinn,Tennessee,47107,0
Loudon,Tennessee,47105,0
Lincoln,Tennessee,47103,0
Lewis,Tennessee,47101,0
Lawrence,Tennessee,47099,0
Lauderdale,Tennessee,47097,0
Lake,Tennessee,47095,0
Knox,Tennessee,47093,2
Johnson,Tennessee,47091,0
Jefferson,Tennessee,47089,0
Jackson,Tennessee,47087,0
Humphreys,Tennessee,47085,1
Houston,Tennessee,47083,1
Hickman,Tennessee,47081,0
Henry,Tennessee,47079,0
Henderson,Tennessee,47077,0
Haywood,Tennessee,47075,0
Hawkins,Tennessee,47073,2
Hardin,Tennessee,47071,0
Hardeman,Tennessee,47069,0
Hancock,Tennessee,47067,0
Hamilton,Tennessee,47065,0
Hamblen,Tennessee,47063,0
Grundy,Tennessee,47061,0
Greene,Tennessee,47059,1
Grainger,Tennessee,47057,0
Giles,Tennessee,47055,0
Gibson,Tennessee,47053,0
Franklin,Tennessee,47051,0
Fentress,Tennessee,47049,0
Fayette,Tennessee,47047,0
Dyer,Tennessee,47045,0
Dickson,Tennessee,47043,3
DeKalb,Tennessee,47041,0
Decatur,Tennessee,47039,0
Davidson,Tennessee,47037,4
Cumberland,Tennessee,47035,0
Crockett,Tennessee,47033,0
Coffee,Tennessee,47031,0
Cocke,Tennessee,47029,0
Clay,Tennessee,47027,0
Claiborne,Tennessee,47025,1
Chester,Tennessee,47023,0
Cheatham,Tennessee,47021,0
Carter,Tennessee,47019,0
Carroll,Tennessee,47017,0
Cannon,Tennessee,47015,0
Campbell,Tennessee,47013,0
Bradley,Tennessee,47011,0
Blount,Tennessee,47009,1
Bledsoe,Tennessee,47007,0
Benton,Tennessee,47005,0
Bedford,Tennessee,47003,0
Anderson,Tennessee,47001,1
Ziebach,South Dakota,46137,0
Yankton,South Dakota,46135,0
Walworth,South Dakota,46129,0
Union,South Dakota,46127,0
Turner,South Dakota,46125,0
Tripp,South Dakota,46123,0
Todd,South Dakota,46121,0
Sully,South Dakota,46119,0
Stanley,South Dakota,46117,0
Spink,South Dakota,46115,0
Sanborn,South Dakota,46111,0
Roberts,South Dakota,46109,2
Potter,South Dakota,46107,0
Perkins,South Dakota,46105,0
Pennington,South Dakota,46103,0
Oglala Lakota,South Dakota,46102,0
Moody,South Dakota,46101,0
Minnehaha,South Dakota,46099,3
Miner,South Dakota,46097,1
Mellette,South Dakota,46095,0
Meade,South Dakota,46093,0
Marshall,South Dakota,46091,0
McPherson,South Dakota,46089,0
McCook,South Dakota,46087,0
Lyman,South Dakota,46085,0
Lincoln,South Dakota,46083,2
Lawrence,South Dakota,46081,0
Lake,South Dakota,46079,0
Kingsbury,South Dakota,46077,0
Jones,South Dakota,46075,0
Jerauld,South Dakota,46073,0
Jackson,South Dakota,46071,0
Hyde,South Dakota,46069,0
Hutchinson,South Dakota,46067,0
Hughes,South Dakota,46065,1
Harding,South Dakota,46063,0
Hanson,South Dakota,46061,0
Hand,South Dakota,46059,0
Hamlin,South Dakota,46057,0
Haakon,South Dakota,46055,0
Gregory,South Dakota,46053,0
Grant,South Dakota,46051,1
Faulk,South Dakota,46049,0
Fall River,South Dakota,46047,0
Edmunds,South Dakota,46045,0
Douglas,South Dakota,46043,0
Dewey,South Dakota,46041,0
Deuel,South Dakota,46039,0
Day,South Dakota,46037,0
Davison,South Dakota,46035,0
Custer,South Dakota,46033,0
Corson,South Dakota,46031,0
Codington,South Dakota,46029,0
Clay,South Dakota,46027,0
Clark,South Dakota,46025,0
Charles Mix,South Dakota,46023,0
Campbell,South Dakota,46021,0
Butte,South Dakota,46019,0
Buffalo,South Dakota,46017,0
Brule,South Dakota,46015,0
Brown,South Dakota,46013,0
Brookings,South Dakota,46011,0
Bon Homme,South Dakota,46009,0
Bennett,South Dakota,46007,0
Beadle,South Dakota,46005,0
Aurora,South Dakota,46003,0
York,South Carolina,45091,6
Williamsburg,South Carolina,45089,1
Union,South Carolina,45087,0
Sumter,South Carolina,45085,1
Spartanburg,South Carolina,45083,2
Saluda,South Carolina,45081,0
Richland,South Carolina,45079,1
Pickens,South Carolina,45077,2
Orangeburg,South Carolina,45075,0
Oconee,South Carolina,45073,2
Newberry,South Carolina,45071,0
Marlboro,South Carolina,45069,1
Marion,South Carolina,45067,0
McCormick,South Carolina,45065,0
Lexington,South Carolina,45063,2
Lee,South Carolina,45061,0
Laurens,South Carolina,45059,0
Lancaster,South Carolina,45057,2
Kershaw,South Carolina,45055,1
Jasper,South Carolina,45053,1
Horry,South Carolina,45051,4
Hampton,South Carolina,45049,0
Greenwood,South Carolina,45047,0
Greenville,South Carolina,45045,2
Georgetown,South Carolina,45043,0
Florence,South Carolina,45041,1
Fairfield,South Carolina,45039,0
Edgefield,South Carolina,45037,0
Dorchester,South Carolina,45035,2
Dillon,South Carolina,45033,1
Darlington,South Carolina,45031,1
Colleton,South Carolina,45029,1
Clarendon,South Carolina,45027,1
Chesterfield,South Carolina,45025,0
Chester,South Carolina,45023,0
Cherokee,South Carolina,45021,0
Charleston,South Carolina,45019,1
Calhoun,South Carolina,45017,0
Berkeley,South Carolina,45015,0
Beaufort,South Carolina,45013,7
Barnwell,South Carolina,45011,1
Bamberg,South Carolina,45009,0
Anderson,South Carolina,45007,1
Allendale,South Carolina,45005,0
Aiken,South Carolina,45003,2
Abbeville,South Carolina,45001,0
Washington,Rhode Island,44009,241
Providence,Rhode Island,44007,403
Newport,Rhode Island,44005,110
Kent,Rhode Island,44003,158
Bristol,Rhode Island,44001,59
York,Pennsylvania,42133,333
Wyoming,Pennsylvania,42131,57
Westmoreland,Pennsylvania,42129,435
Wayne,Pennsylvania,42127,136
Washington,Pennsylvania,42125,150
Warren,Pennsylvania,42123,86
Venango,Pennsylvania,42121,215
Union,Pennsylvania,42119,39
Tioga,Pennsylvania,42117,63
Susquehanna,Pennsylvania,42115,79
Sullivan,Pennsylvania,42113,9
Somerset,Pennsylvania,42111,72
Snyder,Pennsylvania,42109,29
Schuylkill,Pennsylvania,42107,100
Potter,Pennsylvania,42105,49
Pike,Pennsylvania,42103,89
Philadelphia,Pennsylvania,42101,181
Perry,Pennsylvania,42099,55
Northumberland,Pennsylvania,42097,54
Northampton,Pennsylvania,42095,141
Montour,Pennsylvania,42093,7
Montgomery,Pennsylvania,42091,363
Monroe,Pennsylvania,42089,166
Mifflin,Pennsylvania,42087,4
Mercer,Pennsylvania,42085,144
McKean,Pennsylvania,42083,87
Lycoming,Pennsylvania,42081,78
Luzerne,Pennsylvania,42079,199
Lehigh,Pennsylvania,42077,211
Lebanon,Pennsylvania,42075,83
Lawrence,Pennsylvania,42073,100
Lancaster,Pennsylvania,42071,245
Lackawanna,Pennsylvania,42069,108
Juniata,Pennsylvania,42067,24
Jefferson,Pennsylvania,42065,144
Indiana,Pennsylvania,42063,89
Huntingdon,Pennsylvania,42061,85
Greene,Pennsylvania,42059,36
Fulton,Pennsylvania,42057,13
Franklin,Pennsylvania,42055,65
Forest,Pennsylvania,42053,26
Fayette,Pennsylvania,42051,150
Erie,Pennsylvania,42049,142
Elk,Pennsylvania,42047,75
Delaware,Pennsylvania,42045,171
Dauphin,Pennsylvania,42043,186
Cumberland,Pennsylvania,42041,169
Crawford,Pennsylvania,42039,139
Columbia,Pennsylvania,42037,53
Clinton,Pennsylvania,42035,43
Clearfield,Pennsylvania,42033,204
Clarion,Pennsylvania,42031,141
Chester,Pennsylvania,42029,470
Centre,Pennsylvania,42027,255
Carbon,Pennsylvania,42025,50
Cameron,Pennsylvania,42023,14
Cambria,Pennsylvania,42021,175
Butler,Pennsylvania,42019,388
Bucks,Pennsylvania,42017,363
Bradford,Pennsylvania,42015,138
Blair,Pennsylvania,42013,44
Berks,Pennsylvania,42011,235
Bedford,Pennsylvania,42009,114
Beaver,Pennsylvania,42007,150
Armstrong,Pennsylvania,42005,88
Allegheny,Pennsylvania,42003,294
Adams,Pennsylvania,42001,98
Yamhill,Oregon,41071,1
Wheeler,Oregon,41069,0
Washington,Oregon,41067,5
Wasco,Oregon,41065,0
Wallowa,Oregon,41063,2
Union,Oregon,41061,0
Umatilla,Oregon,41059,0
Tillamook,Oregon,41057,0
Sherman,Oregon,41055,0
Polk,Oregon,41053,0
Multnomah,Oregon,41051,11
Morrow,Oregon,41049,0
Marion,Oregon,41047,2
Malheur,Oregon,41045,1
Linn,Oregon,41043,2
Lincoln,Oregon,41041,0
Lane,Oregon,41039,4
Lake,Oregon,41037,0
Klamath,Oregon,41035,0
Josephine,Oregon,41033,6
Jefferson,Oregon,41031,0
Jackson,Oregon,41029,11
Hood River,Oregon,41027,3
Harney,Oregon,41025,0
Grant,Oregon,41023,0
Gilliam,Oregon,41021,0
Douglas,Oregon,41019,6
Deschutes,Oregon,41017,2
Curry,Oregon,41015,2
Crook,Oregon,41013,0
Coos,Oregon,41011,0
Columbia,Oregon,41009,0
Clatsop,Oregon,41007,0
Clackamas,Oregon,41005,2
Benton,Oregon,41003,5
Baker,Oregon,41001,0
Woodward,Oklahoma,40153,0
Woods,Oklahoma,40151,0
Washita,Oklahoma,40149,0
Washington,Oklahoma,40147,0
Wagoner,Oklahoma,40145,0
Tulsa,Oklahoma,40143,0
Tillman,Oklahoma,40141,0
Texas,Oklahoma,40139,0
Stephens,Oklahoma,40137,0
Sequoyah,Oklahoma,40135,0
Seminole,Oklahoma,40133,0
Rogers,Oklahoma,40131,0
Roger Mills,Oklahoma,40129,0
Pushmataha,Oklahoma,40127,0
Pottawatomie,Oklahoma,40125,0
Pontotoc,Oklahoma,40123,0
Pittsburg,Oklahoma,40121,0
Payne,Oklahoma,40119,0
Pawnee,Oklahoma,40117,0
Ottawa,Oklahoma,40115,0
Osage,Oklahoma,40113,0
Okmulgee,Oklahoma,40111,0
Oklahoma,Oklahoma,40109,0
Oklahoma,Oklahoma,40109,0
Okfuskee,Oklahoma,40107,0
Nowata,Oklahoma,40105,0
Noble,Oklahoma,40103,0
Muskogee,Oklahoma,40101,0
Murray,Oklahoma,40099,0
Mayes,Oklahoma,40097,0
Marshall,Oklahoma,40095,0
Major,Oklahoma,40093,0
McIntosh,Oklahoma,40091,0
McCurtain,Oklahoma,40089,0
McClain,Oklahoma,40087,0
Love,Oklahoma,40085,0
Logan,Oklahoma,40083,0
Lincoln,Oklahoma,40081,0
Le Flore,Oklahoma,40079,0
Latimer,Oklahoma,40077,0
Kiowa,Oklahoma,40075,0
Kingfisher,Oklahoma,40073,0
Kay,Oklahoma,40071,0
Johnston,Oklahoma,40069,0
Jefferson,Oklahoma,40067,0
Jackson,Oklahoma,40065,0
Hughes,Oklahoma,40063,0
Haskell,Oklahoma,40061,0
Harper,Oklahoma,40059,0
Harmon,Oklahoma,40057,0
Greer,Oklahoma,40055,0
Grant,Oklahoma,40053,0
Grady,Oklahoma,40051,0
Garvin,Oklahoma,40049,0
Garfield,Oklahoma,40047,0
Ellis,Oklahoma,40045,0
Dewey,Oklahoma,40043,0
Delaware,Oklahoma,40041,0
Custer,Oklahoma,40039,0
Creek,Oklahoma,40037,0
Craig,Oklahoma,40035,0
Cotton,Oklahoma,40033,0
Comanche,Oklahoma,40031,0
Coal,Oklahoma,40029,0
Cleveland,Oklahoma,40027,0
Cimarron,Oklahoma,40025,0
Choctaw,Oklahoma,40023,0
Cherokee,Oklahoma,40021,0
Carter,Oklahoma,40019,0
Canadian,Oklahoma,40017,0
Caddo,Oklahoma,40015,0
Bryan,Oklahoma,40013,0
Blaine,Oklahoma,40011,0
Beckham,Oklahoma,40009,0
Beaver,Oklahoma,40007,0
Atoka,Oklahoma,40005,0
Alfalfa,Oklahoma,40003,0
Adair,Oklahoma,40001,0
Wyandot,Ohio,39175,0
Wood,Ohio,39173,2
Williams,Ohio,39171,0
Wayne,Ohio,39169,3
Washington,Ohio,39167,2
Warren,Ohio,39165,2
Vinton,Ohio,39163,1
Van Wert,Ohio,39161,1
Union,Ohio,39159,1
Tuscarawas,Ohio,39157,27
Trumbull,Ohio,39155,9
Summit,Ohio,39153,8
Stark,Ohio,39151,18
Shelby,Ohio,39149,0
Seneca,Ohio,39147,3
Scioto,Ohio,39145,9
Sandusky,Ohio,39143,1
Ross,Ohio,39141,4
Richland,Ohio,39139,1
Putnam,Ohio,39137,0
Preble,Ohio,39135,0
Portage,Ohio,39133,11
Pike,Ohio,39131,3
Pickaway,Ohio,39129,1
Perry,Ohio,39127,1
Paulding,Ohio,39125,0
Ottawa,Ohio,39123,0
Noble,Ohio,39121,3
Muskingum,Ohio,39119,10
Morrow,Ohio,39117,0
Morgan,Ohio,39115,0
Montgomery,Ohio,39113,7
Monroe,Ohio,39111,0
Miami,Ohio,39109,1
Mercer,Ohio,39107,0
Meigs,Ohio,39105,0
Medina,Ohio,39103,5
Marion,Ohio,39101,0
Mahoning,Ohio,39099,5
Madison,Ohio,39097,1
Lucas,Ohio,39095,2
Lorain,Ohio,39093,2
Logan,Ohio,39091,0
Licking,Ohio,39089,25
Lawrence,Ohio,39087,1
Lake,Ohio,39085,4
Knox,Ohio,39083,16
Jefferson,Ohio,39081,32
Jackson,Ohio,39079,1
Huron,Ohio,39077,3
Holmes,Ohio,39075,24
Hocking,Ohio,39073,2
Highland,Ohio,39071,1
Henry,Ohio,39069,0
Harrison,Ohio,39067,21
Hardin,Ohio,39065,1
Hancock,Ohio,39063,2
Hamilton,Ohio,39061,14
Guernsey,Ohio,39059,24
Greene,Ohio,39057,1
Geauga,Ohio,39055,2
Gallia,Ohio,39053,10
Fulton,Ohio,39051,0
Franklin,Ohio,39049,16
Fayette,Ohio,39047,1
Fairfield,Ohio,39045,6
Erie,Ohio,39043,3
Delaware,Ohio,39041,5
Defiance,Ohio,39039,1
Darke,Ohio,39037,0
Cuyahoga,Ohio,39035,15
Crawford,Ohio,39033,0
Coshocton,Ohio,39031,18
Columbiana,Ohio,39029,12
Clinton,Ohio,39027,0
Clermont,Ohio,39025,5
Clark,Ohio,39023,0
Champaign,Ohio,39021,0
Carroll,Ohio,39019,15
Butler,Ohio,39017,3
Brown,Ohio,39015,1
Belmont,Ohio,39013,28
Auglaize,Ohio,39011,0
Athens,Ohio,39009,2
Ashtabula,Ohio,39007,1
Ashland,Ohio,39005,3
Allen,Ohio,39003,1
Adams,Ohio,39001,3
Williams,North Dakota,38105,2
Wells,North Dakota,38103,0
Ward,North Dakota,38101,2
Walsh,North Dakota,38099,1
Traill,North Dakota,38097,0
Towner,North Dakota,38095,0
Stutsman,North Dakota,38093,0
Steele,North Dakota,38091,0
Stark,North Dakota,38089,0
Slope,North Dakota,38087,0
Sioux,North Dakota,38085,0
Sheridan,North Dakota,38083,0
Sargent,North Dakota,38081,0
Rolette,North Dakota,38079,0
Richland,North Dakota,38077,2
Renville,North Dakota,38075,0
Ransom,North Dakota,38073,0
Ramsey,North Dakota,38071,1
Pierce,North Dakota,38069,0
Pembina,North Dakota,38067,1
Oliver,North Dakota,38065,0
Nelson,North Dakota,38063,0
Mountrail,North Dakota,38061,0
Morton,North Dakota,38059,1
Mercer,North Dakota,38057,0
McLean,North Dakota,38055,0
McKenzie,North Dakota,38053,1
McIntosh,North Dakota,38051,0
McHenry,North Dakota,38049,1
Logan,North Dakota,38047,0
LaMoure,North Dakota,38045,0
Kidder,North Dakota,38043,0
Hettinger,North Dakota,38041,0
Griggs,North Dakota,38039,0
Grant,North Dakota,38037,0
Grand Forks,North Dakota,38035,4
Golden Valley,North Dakota,38033,0
Foster,North Dakota,38031,0
Emmons,North Dakota,38029,0
Eddy,North Dakota,38027,0
Dunn,North Dakota,38025,0
Divide,North Dakota,38023,0
Dickey,North Dakota,38021,0
Cavalier,North Dakota,38019,0
Cass,North Dakota,38017,16
Burleigh,North Dakota,38015,3
Burke,North Dakota,38013,0
Bowman,North Dakota,38011,0
Bottineau,North Dakota,38009,1
Billings,North Dakota,38007,0
Benson,North Dakota,38005,1
Barnes,North Dakota,38003,1
Adams,North Dakota,38001,0
Yancey,North Carolina,37199,10
Yadkin,North Carolina,37197,0
Wilson,North Carolina,37195,0
Wilkes,North Carolina,37193,3
Wayne,North Carolina,37191,0
Watauga,North Carolina,37189,23
Washington,North Carolina,37187,0
Warren,North Carolina,37185,0
Wake,North Carolina,37183,36
Vance,North Carolina,37181,1
Union,North Carolina,37179,3
Tyrrell,North Carolina,37177,0
Transylvania,North Carolina,37175,1
Swain,North Carolina,37173,0
Surry,North Carolina,37171,12
Stokes,North Carolina,37169,9
Stanly,North Carolina,37167,1
Scotland,North Carolina,37165,0
Sampson,North Carolina,37163,1
Rutherford,North Carolina,37161,0
Rowan,North Carolina,37159,1
Rockingham,North Carolina,37157,5
Robeson,North Carolina,37155,0
Richmond,North Carolina,37153,1
Randolph,North Carolina,37151,4
Polk,North Carolina,37149,1
Pitt,North Carolina,37147,3
Person,North Carolina,37145,2
Perquimans,North Carolina,37143,0
Pender,North Carolina,37141,0
Pasquotank,North Carolina,37139,1
Pamlico,North Carolina,37137,0
Orange,North Carolina,37135,0
Onslow,North Carolina,37133,5
Northampton,North Carolina,37131,0
New Hanover,North Carolina,37129,0
Nash,North Carolina,37127,6
Moore,North Carolina,37125,2
Montgomery,North Carolina,37123,1
Mitchell,North Carolina,37121,1
Mecklenburg,North Carolina,37119,7
Martin,North Carolina,37117,0
Madison,North Carolina,37115,3
Macon,North Carolina,37113,0
McDowell,North Carolina,37111,0
Lincoln,North Carolina,37109,2
Lenoir,North Carolina,37107,2
Lee,North Carolina,37105,4
Jones,North Carolina,37103,2
Johnston,North Carolina,37101,2
Jackson,North Carolina,37099,1
Iredell,North Carolina,37097,2
Hyde,North Carolina,37095,0
Hoke,North Carolina,37093,0
Hertford,North Carolina,37091,0
Henderson,North Carolina,37089,2
Haywood,North Carolina,37087,0
Harnett,North Carolina,37085,4
Halifax,North Carolina,37083,0
Guilford,North Carolina,37081,1
Greene,North Carolina,37079,1
Granville,North Carolina,37077,2
Graham,North Carolina,37075,0
Gates,North Carolina,37073,1
Gaston,North Carolina,37071,3
Franklin,North Carolina,37069,0
Forsyth,North Carolina,37067,21
Edgecombe,North Carolina,37065,0
Durham,North Carolina,37063,8
Duplin,North Carolina,37061,0
Davie,North Carolina,37059,0
Davidson,North Carolina,37057,0
Dare,North Carolina,37055,4
Currituck,North Carolina,37053,3
Cumberland,North Carolina,37051,13
Craven,North Carolina,37049,5
Columbus,North Carolina,37047,0
Cleveland,North Carolina,37045,1
Clay,North Carolina,37043,0
Chowan,North Carolina,37041,0
Cherokee,North Carolina,37039,0
Chatham,North Carolina,37037,1
Catawba,North Carolina,37035,7
Caswell,North Carolina,37033,0
Carteret,North Carolina,37031,5
Camden,North Carolina,37029,0
Caldwell,North Carolina,37027,0
Cabarrus,North Carolina,37025,4
Burke,North Carolina,37023,0
Buncombe,North Carolina,37021,26
Brunswick,North Carolina,37019,1
Bladen,North Carolina,37017,1
Bertie,North Carolina,37015,0
Beaufort,North Carolina,37013,5
Avery,North Carolina,37011,0
Ashe,North Carolina,37009,39
Anson,North Carolina,37007,0
Alleghany,North Carolina,37005,12
Alexander,North Carolina,37003,2
Alamance,North Carolina,37001,4
Yates,New York,36123,14
Wyoming,New York,36121,11
Westchester,New York,36119,79
Wayne,New York,36117,48
Washington,New York,36115,47
Warren,New York,36113,53
Ulster,New York,36111,139
Tompkins,New York,36109,55
Tioga,New York,36107,30
Sullivan,New York,36105,26
Suffolk,New York,36103,151
Steuben,New York,36101,23
Seneca,New York,36099,27
Schuyler,New York,36097,39
Schoharie,New York,36095,78
Schenectady,New York,36093,22
Saratoga,New York,36091,126
St. Lawrence,New York,36089,88
Rockland,New York,36087,48
Richmond,New York,36085,53
Rensselaer,New York,36083,170
Queens,New York,36081,111
Putnam,New York,36079,121
Otsego,New York,36077,90
Oswego,New York,36075,40
Orleans,New York,36073,6
Orange,New York,36071,115
Ontario,New York,36069,37
Onondaga,New York,36067,38
Oneida,New York,36065,29
Niagara,New York,36063,3
New York,New York,36061,286
New York,New York,36061,0
Nassau,New York,36059,29
Montgomery,New York,36057,57
Monroe,New York,36055,37
Madison,New York,36053,82
Livingston,New York,36051,43
Lewis,New York,36049,43
Kings,New York,36047,281
Jefferson,New York,36045,31
Herkimer,New York,36043,46
Hamilton,New York,36041,2
Greene,New York,36039,83
Genesee,New York,36037,14
Fulton,New York,36035,78
Franklin,New York,36033,68
Essex,New York,36031,36
Erie,New York,36029,31
Dutchess,New York,36027,275
Delaware,New York,36025,50
Cortland,New York,36023,92
Columbia,New York,36021,188
Clinton,New York,36019,61
Chenango,New York,36017,29
Chemung,New York,36015,8
Chautauqua,New York,36013,31
Cayuga,New York,36011,36
Cattaraugus,New York,36009,51
Broome,New York,36007,76
Bronx,New York,36005,25
Allegany,New York,36003,14
Albany,New York,36001,143
Valencia,New Mexico,35061,0
Union,New Mexico,35059,0
Torrance,New Mexico,35057,0
Taos,New Mexico,35055,0
Socorro,New Mexico,35053,0
Sierra,New Mexico,35051,0
Santa Fe,New Mexico,35049,2
San Miguel,New Mexico,35047,0
San Juan,New Mexico,35045,0
Sandoval,New Mexico,35043,0
Roosevelt,New Mexico,35041,0
Rio Arriba,New Mexico,35039,0
Quay,New Mexico,35037,0
Otero,New Mexico,35035,0
Mora,New Mexico,35033,0
McKinley,New Mexico,35031,0
Luna,New Mexico,35029,0
Los Alamos,New Mexico,35028,0
Lincoln,New Mexico,35027,0
Lea,New Mexico,35025,0
Hidalgo,New Mexico,35023,0
Harding,New Mexico,35021,0
Guadalupe,New Mexico,35019,0
Grant,New Mexico,35017,0
Eddy,New Mexico,35015,0
Doña Ana,New Mexico,35013,0
De Baca,New Mexico,35011,0
Curry,New Mexico,35009,0
Colfax,New Mexico,35007,0
Cibola,New Mexico,35006,0
Chaves,New Mexico,35005,0
Catron,New Mexico,35003,0
Bernalillo,New Mexico,35001,5
Warren,New Jersey,34041,242
Union,New Jersey,34039,62
Sussex,New Jersey,34037,251
Somerset,New Jersey,34035,200
Salem,New Jersey,34033,46
Passaic,New Jersey,34031,132
Ocean,New Jersey,34029,225
Morris,New Jersey,34027,425
Monmouth,New Jersey,34025,368
Middlesex,New Jersey,34023,171
Mercer,New Jersey,34021,186
Hunterdon,New Jersey,34019,339
Hudson,New Jersey,34017,24
Gloucester,New Jersey,34015,140
Essex,New Jersey,34013,113
Cumberland,New Jersey,34011,63
Cape May,New Jersey,34009,26
Camden,New Jersey,34007,80
Burlington,New Jersey,34005,234
Bergen,New Jersey,34003,196
Atlantic,New Jersey,34001,94
Sullivan,New Hampshire,33019,74
Strafford,New Hampshire,33017,159
Rockingham,New Hampshire,33015,415
Merrimack,New Hampshire,33013,250
Hillsborough,New Hampshire,33011,419
Grafton,New Hampshire,33009,119
Coos,New Hampshire,33007,10
Cheshire,New Hampshire,33005,75
Carroll,New Hampshire,33003,96
Belknap,New Hampshire,33001,72
Carson City,Nevada,32510,1
White Pine,Nevada,32033,0
Washoe,Nevada,32031,1
Storey,Nevada,32029,0
Pershing,Nevada,32027,0
Nye,Nevada,32023,1
Mineral,Nevada,32021,0
Lyon,Nevada,32019,0
Lincoln,Nevada,32017,0
Lander,Nevada,32015,0
Humboldt,Nevada,32013,0
Eureka,Nevada,32011,0
Esmeralda,Nevada,32009,0
Elko,Nevada,32007,0
Douglas,Nevada,32005,0
Clark,Nevada,32003,11
Churchill,Nevada,32001,2
York,Nebraska,31185,0
Wheeler,Nebraska,31183,0
Webster,Nebraska,31181,0
Wayne,Nebraska,31179,0
Washington,Nebraska,31177,0
Valley,Nebraska,31175,0
Thurston,Nebraska,31173,0
Thomas,Nebraska,31171,0
Thayer,Nebraska,31169,0
Stanton,Nebraska,31167,0
Sioux,Nebraska,31165,0
Sherman,Nebraska,31163,0
Sheridan,Nebraska,31161,0
Seward,Nebraska,31159,0
Scotts Bluff,Nebraska,31157,0
Saunders,Nebraska,31155,0
Sarpy,Nebraska,31153,1
Saline,Nebraska,31151,0
Rock,Nebraska,31149,0
Richardson,Nebraska,31147,0
Red Willow,Nebraska,31145,0
Polk,Nebraska,31143,0
Platte,Nebraska,31141,0
Pierce,Nebraska,31139,0
Phelps,Nebraska,31137,0
Perkins,Nebraska,31135,0
Pawnee,Nebraska,31133,0
Otoe,Nebraska,31131,0
Nuckolls,Nebraska,31129,0
Nemaha,Nebraska,31127,0
Nance,Nebraska,31125,0
Morrill,Nebraska,31123,0
Merrick,Nebraska,31121,0
Madison,Nebraska,31119,0
McPherson,Nebraska,31117,0
Loup,Nebraska,31115,0
Logan,Nebraska,31113,0
Lincoln,Nebraska,31111,0
Lancaster,Nebraska,31109,0
Knox,Nebraska,31107,0
Kimball,Nebraska,31105,0
Keya Paha,Nebraska,31103,0
Keith,Nebraska,31101,0
Kearney,Nebraska,31099,0
Johnson,Nebraska,31097,0
Jefferson,Nebraska,31095,0
Howard,Nebraska,31093,0
Hooker,Nebraska,31091,0
Holt,Nebraska,31089,0
Hitchcock,Nebraska,31087,0
Hayes,Nebraska,31085,0
Harlan,Nebraska,31083,0
Hamilton,Nebraska,31081,0
Hall,Nebraska,31079,1
Greeley,Nebraska,31077,0
Grant,Nebraska,31075,0
Gosper,Nebraska,31073,0
Garfield,Nebraska,31071,0
Garden,Nebraska,31069,0
Gage,Nebraska,31067,0
Furnas,Nebraska,31065,0
Frontier,Nebraska,31063,0
Franklin,Nebraska,31061,0
Fillmore,Nebraska,31059,0
Dundy,Nebraska,31057,0
Douglas,Nebraska,31055,7
Dodge,Nebraska,31053,0
Dixon,Nebraska,31051,0
Deuel,Nebraska,31049,0
Dawson,Nebraska,31047,0
Dawes,Nebraska,31045,0
Dakota,Nebraska,31043,0
Custer,Nebraska,31041,0
Cuming,Nebraska,31039,0
Colfax,Nebraska,31037,0
Clay,Nebraska,31035,0
Cheyenne,Nebraska,31033,0
Cherry,Nebraska,31031,0
Chase,Nebraska,31029,0
Cedar,Nebraska,31027,0
Cass,Nebraska,31025,1
Butler,Nebraska,31023,0
Burt,Nebraska,31021,0
Buffalo,Nebraska,31019,0
Brown,Nebraska,31017,0
Boyd,Nebraska,31015,0
Box Butte,Nebraska,31013,0
Boone,Nebraska,31011,0
Blaine,Nebraska,31009,0
Banner,Nebraska,31007,0
Arthur,Nebraska,31005,0
Antelope,Nebraska,31003,0
Adams,Nebraska,31001,0
Yellowstone,Montana,30111,0
Wibaux,Montana,30109,0
Wheatland,Montana,30107,0
Valley,Montana,30105,0
Treasure,Montana,30103,0
Toole,Montana,30101,0
Teton,Montana,30099,0
Sweet Grass,Montana,30097,0
Stillwater,Montana,30095,0
Silver Bow,Montana,30093,0
Sheridan,Montana,30091,0
Sanders,Montana,30089,0
Rosebud,Montana,30087,0
Roosevelt,Montana,30085,0
Richland,Montana,30083,0
Ravalli,Montana,30081,0
Prairie,Montana,30079,0
Powell,Montana,30077,0
Powder River,Montana,30075,0
Pondera,Montana,30073,0
Phillips,Montana,30071,0
Petroleum,Montana,30069,0
Park,Montana,30067,0
Musselshell,Montana,30065,0
Missoula,Montana,30063,1
Mineral,Montana,30061,0
Meagher,Montana,30059,0
Madison,Montana,30057,0
McCone,Montana,30055,0
Lincoln,Montana,30053,0
Liberty,Montana,30051,0
Lewis and Clark,Montana,30049,0
Lake,Montana,30047,2
Judith Basin,Montana,30045,0
Jefferson,Montana,30043,1
Hill,Montana,30041,0
Granite,Montana,30039,0
Golden Valley,Montana,30037,0
Glacier,Montana,30035,0
Garfield,Montana,30033,0
Gallatin,Montana,30031,0
Flathead,Montana,30029,0
Fergus,Montana,30027,0
Fallon,Montana,30025,0
Deer Lodge,Montana,30023,0
Dawson,Montana,30021,0
Daniels,Montana,30019,0
Custer,Montana,30017,0
Chouteau,Montana,30015,0
Cascade,Montana,30013,0
Carter,Montana,30011,0
Carbon,Montana,30009,0
Broadwater,Montana,30007,0
Blaine,Montana,30005,0
Big Horn,Montana,30003,0
Beaverhead,Montana,30001,0
St. Louis city,Missouri,29510,1
Wright,Missouri,29229,0
Worth,Missouri,29227,0
Webster,Missouri,29225,0
Wayne,Missouri,29223,0
Washington,Missouri,29221,0
Warren,Missouri,29219,0
Vernon,Missouri,29217,0
Texas,Missouri,29215,0
Taney,Missouri,29213,0
Sullivan,Missouri,29211,0
Stone,Missouri,29209,0
Stoddard,Missouri,29207,0
Shelby,Missouri,29205,0
Shannon,Missouri,29203,0
Scott,Missouri,29201,0
Scotland,Missouri,29199,0
Schuyler,Missouri,29197,0
Saline,Missouri,29195,0
St. Louis,Missouri,29189,4
St. Francois,Missouri,29187,2
Ste. Genevieve,Missouri,29186,1
St. Clair,Missouri,29185,0
St. Charles,Missouri,29183,0
Ripley,Missouri,29181,0
Reynolds,Missouri,29179,0
Ray,Missouri,29177,0
Randolph,Missouri,29175,1
Ralls,Missouri,29173,0
Putnam,Missouri,29171,0
Pulaski,Missouri,29169,0
Polk,Missouri,29167,0
Platte,Missouri,29165,0
Pike,Missouri,29163,0
Phelps,Missouri,29161,0
Pettis,Missouri,29159,0
Perry,Missouri,29157,0
Pemiscot,Missouri,29155,0
Ozark,Missouri,29153,0
Osage,Missouri,29151,0
Oregon,Missouri,29149,0
Nodaway,Missouri,29147,0
Newton,Missouri,29145,0
New Madrid,Missouri,29143,0
Morgan,Missouri,29141,0
Montgomery,Missouri,29139,0
Monroe,Missouri,29137,0
Moniteau,Missouri,29135,0
Mississippi,Missouri,29133,0
Miller,Missouri,29131,0
Mercer,Missouri,29129,0
Marion,Missouri,29127,0
Maries,Missouri,29125,0
Madison,Missouri,29123,0
Macon,Missouri,29121,0
McDonald,Missouri,29119,0
Livingston,Missouri,29117,0
Linn,Missouri,29115,0
Lincoln,Missouri,29113,0
Lewis,Missouri,29111,0
Lawrence,Missouri,29109,1
Lafayette,Missouri,29107,0
Laclede,Missouri,29105,0
Knox,Missouri,29103,0
Johnson,Missouri,29101,0
Jefferson,Missouri,29099,0
Jasper,Missouri,29097,0
Jackson,Missouri,29095,5
Iron,Missouri,29093,0
Howell,Missouri,29091,0
Howard,Missouri,29089,0
Holt,Missouri,29087,0
Hickory,Missouri,29085,0
Henry,Missouri,29083,0
Harrison,Missouri,29081,0
Grundy,Missouri,29079,0
Greene,Missouri,29077,0
Gentry,Missouri,29075,0
Gasconade,Missouri,29073,0
Franklin,Missouri,29071,1
Dunklin,Missouri,29069,0
Douglas,Missouri,29067,0
Dent,Missouri,29065,0
DeKalb,Missouri,29063,0
Daviess,Missouri,29061,0
Dallas,Missouri,29059,0
Dade,Missouri,29057,0
Crawford,Missouri,29055,0
Cooper,Missouri,29053,0
Cole,Missouri,29051,0
Clinton,Missouri,29049,0
Clay,Missouri,29047,0
Clark,Missouri,29045,0
Christian,Missouri,29043,0
Chariton,Missouri,29041,0
Cedar,Missouri,29039,0
Cass,Missouri,29037,0
Carter,Missouri,29035,0
Carroll,Missouri,29033,0
Cape Girardeau,Missouri,29031,0
Camden,Missouri,29029,0
Callaway,Missouri,29027,0
Caldwell,Missouri,29025,0
Butler,Missouri,29023,0
Buchanan,Missouri,29021,0
Boone,Missouri,29019,0
Bollinger,Missouri,29017,0
Benton,Missouri,29015,0
Bates,Missouri,29013,0
Barton,Missouri,29011,0
Barry,Missouri,29009,0
Audrain,Missouri,29007,0
Atchison,Missouri,29005,0
Andrew,Missouri,29003,0
Adair,Missouri,29001,1
Yazoo,Mississippi,28163,0
Yalobusha,Mississippi,28161,0
Winston,Mississippi,28159,0
Wilkinson,Mississippi,28157,0
Webster,Mississippi,28155,0
Wayne,Mississippi,28153,0
Washington,Mississippi,28151,0
Warren,Mississippi,28149,0
Walthall,Mississippi,28147,0
Union,Mississippi,28145,0
Tunica,Mississippi,28143,0
Tishomingo,Mississippi,28141,0
Tippah,Mississippi,28139,0
Tate,Mississippi,28137,0
Tallahatchie,Mississippi,28135,0
Sunflower,Mississippi,28133,0
Stone,Mississippi,28131,0
Smith,Mississippi,28129,0
Simpson,Mississippi,28127,0
Sharkey,Mississippi,28125,0
Scott,Mississippi,28123,0
Rankin,Mississippi,28121,0
Quitman,Mississippi,28119,0
Prentiss,Mississippi,28117,0
Pontotoc,Mississippi,28115,0
Pike,Mississippi,28113,0
Perry,Mississippi,28111,0
Pearl River,Mississippi,28109,1
Panola,Mississippi,28107,0
Oktibbeha,Mississippi,28105,0
Noxubee,Mississippi,28103,0
Newton,Mississippi,28101,0
Neshoba,Mississippi,28099,0
Montgomery,Mississippi,28097,0
Monroe,Mississippi,28095,0
Marshall,Mississippi,28093,0
Marion,Mississippi,28091,0
Madison,Mississippi,28089,1
Lowndes,Mississippi,28087,0
Lincoln,Mississippi,28085,0
Leflore,Mississippi,28083,0
Lee,Mississippi,28081,0
Leake,Mississippi,28079,0
Lawrence,Mississippi,28077,0
Lauderdale,Mississippi,28075,0
Lamar,Mississippi,28073,0
Lafayette,Mississippi,28071,0
Kemper,Mississippi,28069,1
Jones,Mississippi,28067,0
Jefferson Davis,Mississippi,28065,0
Jefferson,Mississippi,28063,0
Jasper,Mississippi,28061,0
Jackson,Mississippi,28059,0
Itawamba,Mississippi,28057,0
Issaquena,Mississippi,28055,0
Humphreys,Mississippi,28053,0
Holmes,Mississippi,28051,0
Hinds,Mississippi,28049,0
Harrison,Mississippi,28047,1
Hancock,Mississippi,28045,0
Grenada,Mississippi,28043,0
Greene,Mississippi,28041,0
George,Mississippi,28039,0
Franklin,Mississippi,28037,0
Forrest,Mississippi,28035,0
DeSoto,Mississippi,28033,0
Covington,Mississippi,28031,0
Copiah,Mississippi,28029,0
Coahoma,Mississippi,28027,0
Clay,Mississippi,28025,0
Clarke,Mississippi,28023,0
Claiborne,Mississippi,28021,0
Choctaw,Mississippi,28019,0
Chickasaw,Mississippi,28017,0
Carroll,Mississippi,28015,0
Calhoun,Mississippi,28013,0
Bolivar,Mississippi,28011,0
Benton,Mississippi,28009,0
Attala,Mississippi,28007,0
Amite,Mississippi,28005,0
Alcorn,Mississippi,28003,0
Adams,Mississippi,28001,0
Yellow Medicine,Minnesota,27173,0
Wright,Minnesota,27171,27
Winona,Minnesota,27169,20
Wilkin,Minnesota,27167,0
Watonwan,Minnesota,27165,1
Washington,Minnesota,27163,78
Waseca,Minnesota,27161,0
Wadena,Minnesota,27159,9
Wabasha,Minnesota,27157,9
Traverse,Minnesota,27155,0
Todd,Minnesota,27153,8
Swift,Minnesota,27151,2
Stevens,Minnesota,27149,0
Steele,Minnesota,27147,6
Stearns,Minnesota,27145,27
Sibley,Minnesota,27143,1
Sherburne,Minnesota,27141,40
Scott,Minnesota,27139,17
St. Louis,Minnesota,27137,76
Roseau,Minnesota,27135,2
Rock,Minnesota,27133,0
Rice,Minnesota,27131,6
Renville,Minnesota,27129,2
Redwood,Minnesota,27127,0
Red Lake,Minnesota,27125,0
Ramsey,Minnesota,27123,123
Pope,Minnesota,27121,0
Polk,Minnesota,27119,7
Pipestone,Minnesota,27117,1
Pine,Minnesota,27115,31
Pennington,Minnesota,27113,6
Otter Tail,Minnesota,27111,20
Olmsted,Minnesota,27109,35
Norman,Minnesota,27107,1
Nobles,Minnesota,27105,0
Nicollet,Minnesota,27103,4
Murray,Minnesota,27101,0
Mower,Minnesota,27099,5
Morrison,Minnesota,27097,21
Mille Lacs,Minnesota,27095,12
Meeker,Minnesota,27093,3
Martin,Minnesota,27091,0
Marshall,Minnesota,27089,4
Mahnomen,Minnesota,27087,3
McLeod,Minnesota,27085,4
Lyon,Minnesota,27083,1
Lincoln,Minnesota,27081,0
Le Sueur,Minnesota,27079,3
Lake of the Woods,Minnesota,27077,2
Lake,Minnesota,27075,6
Lac qui Parle,Minnesota,27073,0
Koochiching,Minnesota,27071,1
Kittson,Minnesota,27069,4
Kandiyohi,Minnesota,27067,5
Kanabec,Minnesota,27065,6
Jackson,Minnesota,27063,1
Itasca,Minnesota,27061,51
Isanti,Minnesota,27059,22
Hubbard,Minnesota,27057,29
Houston,Minnesota,27055,19
Hennepin,Minnesota,27053,203
Grant,Minnesota,27051,1
Goodhue,Minnesota,27049,23
Freeborn,Minnesota,27047,1
Fillmore,Minnesota,27045,10
Faribault,Minnesota,27043,0
Douglas,Minnesota,27041,9
Dodge,Minnesota,27039,0
Dakota,Minnesota,27037,95
Crow Wing,Minnesota,27035,98
Cottonwood,Minnesota,27033,0
Cook,Minnesota,27031,2
Clearwater,Minnesota,27029,8
Clay,Minnesota,27027,5
Chisago,Minnesota,27025,24
Chippewa,Minnesota,27023,1
Cass,Minnesota,27021,51
Carver,Minnesota,27019,10
Carlton,Minnesota,27017,20
Brown,Minnesota,27015,0
Blue Earth,Minnesota,27013,5
Big Stone,Minnesota,27011,0
Benton,Minnesota,27009,11
Beltrami,Minnesota,27007,40
Becker,Minnesota,27005,16
Anoka,Minnesota,27003,102
Aitkin,Minnesota,27001,32
Wexford,Michigan,26165,1
Wayne,Michigan,26163,6
Washtenaw,Michigan,26161,17
Van Buren,Michigan,26159,4
Tuscola,Michigan,26157,2
Shiawassee,Michigan,26155,0
Schoolcraft,Michigan,26153,1
Sanilac,Michigan,26151,0
St. Joseph,Michigan,26149,2
St. Clair,Michigan,26147,0
Saginaw,Michigan,26145,1
Roscommon,Michigan,26143,1
Presque Isle,Michigan,26141,0
Ottawa,Michigan,26139,23
Otsego,Michigan,26137,1
Oscoda,Michigan,26135,0
Osceola,Michigan,26133,1
Ontonagon,Michigan,26131,1
Ogemaw,Michigan,26129,0
Oceana,Michigan,26127,7
Oakland,Michigan,26125,13
Newaygo,Michigan,26123,0
Muskegon,Michigan,26121,7
Montmorency,Michigan,26119,1
Montcalm,Michigan,26117,1
Monroe,Michigan,26115,0
Missaukee,Michigan,26113,1
Midland,Michigan,26111,4
Menominee,Michigan,26109,17
Mecosta,Michigan,26107,2
Mason,Michigan,26105,9
Marquette,Michigan,26103,6
Manistee,Michigan,26101,7
Macomb,Michigan,26099,6
Mackinac,Michigan,26097,3
Luce,Michigan,26095,0
Livingston,Michigan,26093,3
Lenawee,Michigan,26091,1
Leelanau,Michigan,26089,4
Lapeer,Michigan,26087,0
Lake,Michigan,26085,1
Keweenaw,Michigan,26083,0
Kent,Michigan,26081,16
Kalkaska,Michigan,26079,0
Kalamazoo,Michigan,26077,57
Jackson,Michigan,26075,2
Isabella,Michigan,26073,3
Iron,Michigan,26071,3
Iosco,Michigan,26069,4
Ionia,Michigan,26067,2
Ingham,Michigan,26065,6
Huron,Michigan,26063,1
Houghton,Michigan,26061,2
Hillsdale,Michigan,26059,2
Gratiot,Michigan,26057,0
Grand Traverse,Michigan,26055,8
Gogebic,Michigan,26053,2
Gladwin,Michigan,26051,0
Genesee,Michigan,26049,7
Emmet,Michigan,26047,1
Eaton,Michigan,26045,3
Dickinson,Michigan,26043,43
Delta,Michigan,26041,7
Crawford,Michigan,26039,0
Clinton,Michigan,26037,0
Clare,Michigan,26035,0
Chippewa,Michigan,26033,1
Cheboygan,Michigan,26031,0
Charlevoix,Michigan,26029,0
Cass,Michigan,26027,10
Calhoun,Michigan,26025,14
Branch,Michigan,26023,0
Berrien,Michigan,26021,28
Benzie,Michigan,26019,6
Bay,Michigan,26017,0
Barry,Michigan,26015,8
Baraga,Michigan,26013,5
Arenac,Michigan,26011,0
Antrim,Michigan,26009,2
Alpena,Michigan,26007,0
Allegan,Michigan,26005,13
Alger,Michigan,26003,0
Alcona,Michigan,26001,2
Worcester,Massachusetts,25027,1
Suffolk,Massachusetts,25025,0
Plymouth,Massachusetts,25023,1
Norfolk,Massachusetts,25021,2
Nantucket,Massachusetts,25019,1
Middlesex,Massachusetts,25017,0
Hampshire,Massachusetts,25015,0
Hampden,Massachusetts,25013,0
Franklin,Massachusetts,25011,0
Essex,Massachusetts,25009,0
Dukes,Massachusetts,25007,1
Bristol,Massachusetts,25005,0
Berkshire,Massachusetts,25003,0
Barnstable,Massachusetts,25001,1
Baltimore city,Maryland,24510,41
Worcester,Maryland,24047,14
Wicomico,Maryland,24045,12
Washington,Maryland,24043,36
Talbot,Maryland,24041,19
Somerset,Maryland,24039,6
St. Mary's,Maryland,24037,37
Queen Anne's,Maryland,24035,44
Prince George's,Maryland,24033,22
Montgomery,Maryland,24031,134
Kent,Maryland,24029,20
Howard,Maryland,24027,115
Harford,Maryland,24025,140
Garrett,Maryland,24023,26
Frederick,Maryland,24021,126
Dorchester,Maryland,24019,4
Charles,Maryland,24017,12
Cecil,Maryland,24015,61
Carroll,Maryland,24013,169
Caroline,Maryland,24011,12
Calvert,Maryland,24009,49
Baltimore,Maryland,24005,138
Anne Arundel,Maryland,24003,110
Allegany,Maryland,24001,70
York,Maine,23031,312
Washington,Maine,23029,31
Waldo,Maine,23027,143
Somerset,Maine,23025,68
Sagadahoc,Maine,23023,83
Piscataquis,Maine,23021,4
Penobscot,Maine,23019,111
Oxford,Maine,23017,88
Lincoln,Maine,23015,132
Knox,Maine,23013,232
Kennebec,Maine,23011,277
Hancock,Maine,23009,192
Franklin,Maine,23007,39
Cumberland,Maine,23005,354
Aroostook,Maine,23003,2
Androscoggin,Maine,23001,98
Winn,Louisiana,22127,0
West Feliciana,Louisiana,22125,0
West Carroll,Louisiana,22123,0
West Baton Rouge,Louisiana,22121,0
Webster,Louisiana,22119,0
Washington,Louisiana,22117,0
Vernon,Louisiana,22115,0
Vermilion,Louisiana,22113,0
Union,Louisiana,22111,0
Terrebonne,Louisiana,22109,0
Tensas,Louisiana,22107,0
Tangipahoa,Louisiana,22105,0
St. Tammany,Louisiana,22103,0
St. Mary,Louisiana,22101,0
St. Martin,Louisiana,22099,0
St. Landry,Louisiana,22097,0
St. John the Baptist,Louisiana,22095,0
St. James,Louisiana,22093,0
St. Helena,Louisiana,22091,0
St. Charles,Louisiana,22089,0
St. Bernard,Louisiana,22087,0
Sabine,Louisiana,22085,0
Richland,Louisiana,22083,0
Red River,Louisiana,22081,0
Rapides,Louisiana,22079,0
Pointe Coupee,Louisiana,22077,1
Plaquemines,Louisiana,22075,0
Ouachita,Louisiana,22073,0
Orleans,Louisiana,22071,0
Natchitoches,Louisiana,22069,0
Morehouse,Louisiana,22067,0
Madison,Louisiana,22065,0
Livingston,Louisiana,22063,2
Lincoln,Louisiana,22061,0
Lafourche,Louisiana,22057,0
Lafayette,Louisiana,22055,1
Jefferson Davis,Louisiana,22053,0
Jefferson,Louisiana,22051,0
Jackson,Louisiana,22049,0
Iberville,Louisiana,22047,0
Iberia,Louisiana,22045,0
Grant,Louisiana,22043,0
Franklin,Louisiana,22041,0
Evangeline,Louisiana,22039,0
East Feliciana,Louisiana,22037,0
East Carroll,Louisiana,22035,0
East Baton Rouge,Louisiana,22033,0
De Soto,Louisiana,22031,0
Concordia,Louisiana,22029,0
Claiborne,Louisiana,22027,0
Catahoula,Louisiana,22025,0
Cameron,Louisiana,22023,0
Caldwell,Louisiana,22021,0
Calcasieu,Louisiana,22019,0
Caddo,Louisiana,22017,0
Bossier,Louisiana,22015,0
Bienville,Louisiana,22013,0
Beauregard,Louisiana,22011,0
Avoyelles,Louisiana,22009,0
Assumption,Louisiana,22007,0
Ascension,Louisiana,22005,0
Allen,Louisiana,22003,0
Acadia,Louisiana,22001,0
Woodford,Kentucky,21239,0
Wolfe,Kentucky,21237,0
Whitley,Kentucky,21235,0
Webster,Kentucky,21233,0
Wayne,Kentucky,21231,0
Washington,Kentucky,21229,0
Warren,Kentucky,21227,0
Union,Kentucky,21225,0
Trimble,Kentucky,21223,0
Trigg,Kentucky,21221,0
Todd,Kentucky,21219,0
Taylor,Kentucky,21217,0
Spencer,Kentucky,21215,0
Simpson,Kentucky,21213,0
Shelby,Kentucky,21211,0
Scott,Kentucky,21209,0
Russell,Kentucky,21207,0
Rowan,Kentucky,21205,0
Rockcastle,Kentucky,21203,0
Robertson,Kentucky,21201,0
Pulaski,Kentucky,21199,0
Powell,Kentucky,21197,0
Pike,Kentucky,21195,0
Perry,Kentucky,21193,0
Pendleton,Kentucky,21191,0
Owsley,Kentucky,21189,0
Owen,Kentucky,21187,0
Oldham,Kentucky,21185,0
Ohio,Kentucky,21183,0
Nicholas,Kentucky,21181,0
Nelson,Kentucky,21179,0
Muhlenberg,Kentucky,21177,0
Morgan,Kentucky,21175,0
Montgomery,Kentucky,21173,0
Monroe,Kentucky,21171,0
Metcalfe,Kentucky,21169,0
Mercer,Kentucky,21167,0
Menifee,Kentucky,21165,0
Meade,Kentucky,21163,0
Mason,Kentucky,21161,0
Martin,Kentucky,21159,0
Marshall,Kentucky,21157,0
Marion,Kentucky,21155,0
Magoffin,Kentucky,21153,0
Madison,Kentucky,21151,2
McLean,Kentucky,21149,0
McCreary,Kentucky,21147,0
McCracken,Kentucky,21145,0
Lyon,Kentucky,21143,0
Logan,Kentucky,21141,0
Livingston,Kentucky,21139,0
Lincoln,Kentucky,21137,0
Lewis,Kentucky,21135,0
Letcher,Kentucky,21133,0
Leslie,Kentucky,21131,0
Lee,Kentucky,21129,0
Lawrence,Kentucky,21127,1
Laurel,Kentucky,21125,0
Larue,Kentucky,21123,0
Knox,Kentucky,21121,0
Knott,Kentucky,21119,0
Kenton,Kentucky,21117,0
Johnson,Kentucky,21115,0
Jessamine,Kentucky,21113,0
Jefferson,Kentucky,21111,0
Jackson,Kentucky,21109,0
Hopkins,Kentucky,21107,0
Hickman,Kentucky,21105,0
Henry,Kentucky,21103,0
Henderson,Kentucky,21101,0
Hart,Kentucky,21099,0
Harrison,Kentucky,21097,0
Harlan,Kentucky,21095,0
Hardin,Kentucky,21093,0
Hancock,Kentucky,21091,0
Greenup,Kentucky,21089,0
Green,Kentucky,21087,0
Grayson,Kentucky,21085,0
Graves,Kentucky,21083,0
Grant,Kentucky,21081,0
Garrard,Kentucky,21079,0
Gallatin,Kentucky,21077,0
Fulton,Kentucky,21075,0
Franklin,Kentucky,21073,0
Floyd,Kentucky,21071,1
Fleming,Kentucky,21069,0
Fayette,Kentucky,21067,0
Estill,Kentucky,21065,0
Elliott,Kentucky,21063,0
Edmonson,Kentucky,21061,0
Daviess,Kentucky,21059,0
Cumberland,Kentucky,21057,0
Crittenden,Kentucky,21055,0
Clinton,Kentucky,21053,0
Clay,Kentucky,21051,0
Clark,Kentucky,21049,0
Christian,Kentucky,21047,0
Casey,Kentucky,21045,0
Carter,Kentucky,21043,0
Carroll,Kentucky,21041,0
Carlisle,Kentucky,21039,0
Campbell,Kentucky,21037,1
Calloway,Kentucky,21035,0
Caldwell,Kentucky,21033,0
Butler,Kentucky,21031,0
Bullitt,Kentucky,21029,0
Breckinridge,Kentucky,21027,0
Breathitt,Kentucky,21025,0
Bracken,Kentucky,21023,0
Boyle,Kentucky,21021,0
Boyd,Kentucky,21019,1
Bourbon,Kentucky,21017,0
Boone,Kentucky,21015,0
Bell,Kentucky,21013,0
Bath,Kentucky,21011,0
Barren,Kentucky,21009,0
Ballard,Kentucky,21007,0
Anderson,Kentucky,21005,0
Allen,Kentucky,21003,0
Adair,Kentucky,21001,0
Wyandotte,Kansas,20209,2
Woodson,Kansas,20207,0
Wilson,Kansas,20205,0
Wichita,Kansas,20203,0
Washington,Kansas,20201,0
Wallace,Kansas,20199,0
Wabaunsee,Kansas,20197,0
Trego,Kansas,20195,0
Thomas,Kansas,20193,0
Sumner,Kansas,20191,0
Stevens,Kansas,20189,0
Stanton,Kansas,20187,0
Stafford,Kansas,20185,0
Smith,Kansas,20183,0
Sherman,Kansas,20181,0
Sheridan,Kansas,20179,0
Shawnee,Kansas,20177,1
Seward,Kansas,20175,0
Sedgwick,Kansas,20173,4
Scott,Kansas,20171,0
Saline,Kansas,20169,0
Russell,Kansas,20167,1
Rush,Kansas,20165,0
Rooks,Kansas,20163,0
Riley,Kansas,20161,2
Rice,Kansas,20159,0
Republic,Kansas,20157,0
Reno,Kansas,20155,3
Rawlins,Kansas,20153,0
Pratt,Kansas,20151,0
Pottawatomie,Kansas,20149,0
Phillips,Kansas,20147,0
Pawnee,Kansas,20145,0
Ottawa,Kansas,20143,0
Osborne,Kansas,20141,0
Osage,Kansas,20139,1
Norton,Kansas,20137,0
Ness,Kansas,20135,0
Neosho,Kansas,20133,0
Nemaha,Kansas,20131,0
Morton,Kansas,20129,0
Morris,Kansas,20127,0
Montgomery,Kansas,20125,0
Mitchell,Kansas,20123,0
Miami,Kansas,20121,0
Meade,Kansas,20119,0
Marshall,Kansas,20117,0
Marion,Kansas,20115,0
McPherson,Kansas,20113,0
Lyon,Kansas,20111,0
Logan,Kansas,20109,0
Linn,Kansas,20107,0
Lincoln,Kansas,20105,0
Leavenworth,Kansas,20103,2
Lane,Kansas,20101,0
Labette,Kansas,20099,3
Kiowa,Kansas,20097,0
Kingman,Kansas,20095,0
Kearny,Kansas,20093,0
Johnson,Kansas,20091,4
Jewell,Kansas,20089,0
Jefferson,Kansas,20087,1
Jackson,Kansas,20085,1
Hodgeman,Kansas,20083,0
Haskell,Kansas,20081,0
Harvey,Kansas,20079,1
Harper,Kansas,20077,0
Hamilton,Kansas,20075,0
Greenwood,Kansas,20073,0
Greeley,Kansas,20071,0
Gray,Kansas,20069,0
Grant,Kansas,20067,0
Graham,Kansas,20065,0
Gove,Kansas,20063,0
Geary,Kansas,20061,1
Franklin,Kansas,20059,0
Ford,Kansas,20057,1
Finney,Kansas,20055,1
Ellsworth,Kansas,20053,0
Ellis,Kansas,20051,0
Elk,Kansas,20049,0
Edwards,Kansas,20047,0
Douglas,Kansas,20045,0
Doniphan,Kansas,20043,0
Dickinson,Kansas,20041,0
Decatur,Kansas,20039,0
Crawford,Kansas,20037,1
Cowley,Kansas,20035,0
Comanche,Kansas,20033,0
Coffey,Kansas,20031,0
Cloud,Kansas,20029,0
Clay,Kansas,20027,0
Clark,Kansas,20025,0
Cheyenne,Kansas,20023,0
Cherokee,Kansas,20021,0
Chautauqua,Kansas,20019,0
Chase,Kansas,20017,1
Butler,Kansas,20015,0
Brown,Kansas,20013,0
Bourbon,Kansas,20011,1
Barton,Kansas,20009,0
Barber,Kansas,20007,0
Atchison,Kansas,20005,0
Anderson,Kansas,20003,0
Allen,Kansas,20001,2
Wright,Iowa,19197,0
Worth,Iowa,19195,1
Woodbury,Iowa,19193,1
Winneshiek,Iowa,19191,10
Winnebago,Iowa,19189,1
Webster,Iowa,19187,2
Wayne,Iowa,19185,0
Washington,Iowa,19183,1
Warren,Iowa,19181,6
Wapello,Iowa,19179,6
Van Buren,Iowa,19177,2
Union,Iowa,19175,0
Taylor,Iowa,19173,0
Tama,Iowa,19171,2
Story,Iowa,19169,3
Sioux,Iowa,19167,0
Shelby,Iowa,19165,0
Scott,Iowa,19163,9
Sac,Iowa,19161,0
Ringgold,Iowa,19159,0
Poweshiek,Iowa,19157,3
Pottawattamie,Iowa,19155,0
Polk,Iowa,19153,22
Pocahontas,Iowa,19151,0
Plymouth,Iowa,19149,0
Palo Alto,Iowa,19147,0
Page,Iowa,19145,2
Osceola,Iowa,19143,0
O'Brien,Iowa,19141,0
Muscatine,Iowa,19139,3
Montgomery,Iowa,19137,0
Monroe,Iowa,19135,0
Monona,Iowa,19133,0
Mitchell,Iowa,19131,0
Mills,Iowa,19129,0
Marshall,Iowa,19127,0
Marion,Iowa,19125,4
Mahaska,Iowa,19123,4
Madison,Iowa,19121,0
Lyon,Iowa,19119,0
Lucas,Iowa,19117,0
Louisa,Iowa,19115,2
Linn,Iowa,19113,40
Lee,Iowa,19111,1
Kossuth,Iowa,19109,0
Keokuk,Iowa,19107,1
Jones,Iowa,19105,1
Johnson,Iowa,19103,57
Jefferson,Iowa,19101,4
Jasper,Iowa,19099,0
Jackson,Iowa,19097,6
Iowa,Iowa,19095,0
Iowa,Iowa,19095,3
Ida,Iowa,19093,0
Humboldt,Iowa,19091,0
Howard,Iowa,19089,1
Henry,Iowa,19087,4
Harrison,Iowa,19085,0
Hardin,Iowa,19083,1
Hancock,Iowa,19081,0
Hamilton,Iowa,19079,0
Guthrie,Iowa,19077,1
Grundy,Iowa,19075,0
Greene,Iowa,19073,0
Fremont,Iowa,19071,0
Franklin,Iowa,19069,0
Floyd,Iowa,19067,1
Fayette,Iowa,19065,1
Emmet,Iowa,19063,0
Dubuque,Iowa,19061,30
Dickinson,Iowa,19059,1
Des Moines,Iowa,19057,1
Delaware,Iowa,19055,4
Decatur,Iowa,19053,2
Davis,Iowa,19051,3
Dallas,Iowa,19049,7
Crawford,Iowa,19047,1
Clinton,Iowa,19045,4
Clayton,Iowa,19043,17
Clay,Iowa,19041,0
Clarke,Iowa,19039,0
Chickasaw,Iowa,19037,2
Cherokee,Iowa,19035,0
Cerro Gordo,Iowa,19033,2
Cedar,Iowa,19031,1
Cass,Iowa,19029,0
Carroll,Iowa,19027,0
Calhoun,Iowa,19025,1
Butler,Iowa,19023,0
Buena Vista,Iowa,19021,0
Buchanan,Iowa,19019,1
Bremer,Iowa,19017,1
Boone,Iowa,19015,3
Black Hawk,Iowa,19013,5
Benton,Iowa,19011,5
Audubon,Iowa,19009,0
Appanoose,Iowa,19007,3
Allamakee,Iowa,19005,3
Adams,Iowa,19003,0
Adair,Iowa,19001,0
Whitley,Indiana,18183,0
White,Indiana,18181,1
Wells,Indiana,18179,0
Wayne,Indiana,18177,0
Washington,Indiana,18175,0
Warrick,Indiana,18173,0
Warren,Indiana,18171,0
Wabash,Indiana,18169,0
Vigo,Indiana,18167,1
Vermillion,Indiana,18165,1
Vanderburgh,Indiana,18163,2
Union,Indiana,18161,0
Tipton,Indiana,18159,0
Tippecanoe,Indiana,18157,3
Switzerland,Indiana,18155,0
Sullivan,Indiana,18153,0
Steuben,Indiana,18151,1
Starke,Indiana,18149,2
Spencer,Indiana,18147,0
Shelby,Indiana,18145,0
Scott,Indiana,18143,0
St. Joseph,Indiana,18141,19
Rush,Indiana,18139,0
Ripley,Indiana,18137,0
Randolph,Indiana,18135,0
Putnam,Indiana,18133,1
Pulaski,Indiana,18131,1
Posey,Indiana,18129,0
Porter,Indiana,18127,11
Pike,Indiana,18125,0
Perry,Indiana,18123,0
Parke,Indiana,18121,1
Owen,Indiana,18119,3
Orange,Indiana,18117,0
Ohio,Indiana,18115,0
Noble,Indiana,18113,0
Newton,Indiana,18111,0
Morgan,Indiana,18109,2
Montgomery,Indiana,18107,0
Monroe,Indiana,18105,4
Miami,Indiana,18103,1
Martin,Indiana,18101,0
Marshall,Indiana,18099,3
Marion,Indiana,18097,5
Madison,Indiana,18095,0
Lawrence,Indiana,18093,0
LaPorte,Indiana,18091,9
Lake,Indiana,18089,5
LaGrange,Indiana,18087,2
Kosciusko,Indiana,18085,2
Knox,Indiana,18083,0
Johnson,Indiana,18081,3
Jennings,Indiana,18079,1
Jefferson,Indiana,18077,1
Jay,Indiana,18075,0
Jasper,Indiana,18073,6
Jackson,Indiana,18071,0
Huntington,Indiana,18069,0
Howard,Indiana,18067,0
Henry,Indiana,18065,1
Hendricks,Indiana,18063,1
Harrison,Indiana,18061,0
Hancock,Indiana,18059,1
Hamilton,Indiana,18057,5
Greene,Indiana,18055,1
Grant,Indiana,18053,0
Gibson,Indiana,18051,1
Fulton,Indiana,18049,4
Franklin,Indiana,18047,0
Fountain,Indiana,18045,0
Floyd,Indiana,18043,2
Fayette,Indiana,18041,0
Elkhart,Indiana,18039,5
Dubois,Indiana,18037,0
Delaware,Indiana,18035,0
DeKalb,Indiana,18033,0
Decatur,Indiana,18031,0
Dearborn,Indiana,18029,3
Daviess,Indiana,18027,0
Crawford,Indiana,18025,0
Clinton,Indiana,18023,0
Clay,Indiana,18021,1
Clark,Indiana,18019,2
Cass,Indiana,18017,3
Carroll,Indiana,18015,0
Brown,Indiana,18013,1
Boone,Indiana,18011,1
Blackford,Indiana,18009,0
Benton,Indiana,18007,1
Bartholomew,Indiana,18005,1
Allen,Indiana,18003,2
Adams,Indiana,18001,0
Woodford,Illinois,17203,3
Winnebago,Illinois,17201,15
Williamson,Illinois,17199,1
Will,Illinois,17197,22
Whiteside,Illinois,17195,2
White,Illinois,17193,0
Wayne,Illinois,17191,0
Washington,Illinois,17189,0
Warren,Illinois,17187,2
Wabash,Illinois,17185,2
Vermilion,Illinois,17183,0
Union,Illinois,17181,0
Tazewell,Illinois,17179,4
Stephenson,Illinois,17177,2
Stark,Illinois,17175,0
Shelby,Illinois,17173,0
Scott,Illinois,17171,0
Schuyler,Illinois,17169,0
Sangamon,Illinois,17167,2
Saline,Illinois,17165,1
St. Clair,Illinois,17163,2
Rock Island,Illinois,17161,8
Richland,Illinois,17159,0
Randolph,Illinois,17157,0
Putnam,Illinois,17155,2
Pulaski,Illinois,17153,0
Pope,Illinois,17151,0
Pike,Illinois,17149,0
Piatt,Illinois,17147,1
Perry,Illinois,17145,0
Peoria,Illinois,17143,8
Ogle,Illinois,17141,1
Moultrie,Illinois,17139,0
Morgan,Illinois,17137,2
Montgomery,Illinois,17135,0
Monroe,Illinois,17133,0
Mercer,Illinois,17131,1
Menard,Illinois,17129,0
Massac,Illinois,17127,0
Mason,Illinois,17125,0
Marshall,Illinois,17123,0
Marion,Illinois,17121,0
Madison,Illinois,17119,2
Macoupin,Illinois,17117,1
Macon,Illinois,17115,0
McLean,Illinois,17113,8
McHenry,Illinois,17111,34
McDonough,Illinois,17109,1
Logan,Illinois,17107,0
Livingston,Illinois,17105,2
Lee,Illinois,17103,1
Lawrence,Illinois,17101,1
LaSalle,Illinois,17099,7
Lake,Illinois,17097,51
Knox,Illinois,17095,1
Kendall,Illinois,17093,2
Kankakee,Illinois,17091,0
Kane,Illinois,17089,15
Johnson,Illinois,17087,0
Jo Daviess,Illinois,17085,12
Jersey,Illinois,17083,0
Jefferson,Illinois,17081,2
Jasper,Illinois,17079,0
Jackson,Illinois,17077,1
Iroquois,Illinois,17075,0
Henry,Illinois,17073,2
Henderson,Illinois,17071,0
Hardin,Illinois,17069,0
Hancock,Illinois,17067,1
Hamilton,Illinois,17065,0
Grundy,Illinois,17063,0
Greene,Illinois,17061,2
Gallatin,Illinois,17059,0
Fulton,Illinois,17057,3
Franklin,Illinois,17055,0
Ford,Illinois,17053,0
Fayette,Illinois,17051,1
Effingham,Illinois,17049,1
Edwards,Illinois,17047,0
Edgar,Illinois,17045,2
DuPage,Illinois,17043,39
Douglas,Illinois,17041,0
De Witt,Illinois,17039,0
DeKalb,Illinois,17037,10
Cumberland,Illinois,17035,0
Crawford,Illinois,17033,0
Cook,Illinois,17031,96
Coles,Illinois,17029,2
Clinton,Illinois,17027,0
Clay,Illinois,17025,0
Clark,Illinois,17023,0
Christian,Illinois,17021,0
Champaign,Illinois,17019,5
Cass,Illinois,17017,1
Carroll,Illinois,17015,1
Calhoun,Illinois,17013,0
Bureau,Illinois,17011,2
Brown,Illinois,17009,0
Boone,Illinois,17007,3
Bond,Illinois,17005,1
Alexander,Illinois,17003,0
Adams,Illinois,17001,1
Washington,Idaho,16087,0
Valley,Idaho,16085,0
Twin Falls,Idaho,16083,1
Teton,Idaho,16081,0
Shoshone,Idaho,16079,0
Power,Idaho,16077,0
Payette,Idaho,16075,0
Owyhee,Idaho,16073,0
Oneida,Idaho,16071,0
Nez Perce,Idaho,16069,1
Minidoka,Idaho,16067,0
Madison,Idaho,16065,0
Lincoln,Idaho,16063,0
Lewis,Idaho,16061,0
Lemhi,Idaho,16059,0
Latah,Idaho,16057,1
Kootenai,Idaho,16055,1
Jerome,Idaho,16053,0
Jefferson,Idaho,16051,0
Idaho,Idaho,16049,1
Idaho,Idaho,16049,0
Gooding,Idaho,16047,1
Gem,Idaho,16045,0
Fremont,Idaho,16043,0
Franklin,Idaho,16041,0
Elmore,Idaho,16039,0
Custer,Idaho,16037,0
Clearwater,Idaho,16035,0
Clark,Idaho,16033,0
Cassia,Idaho,16031,0
Caribou,Idaho,16029,0
Canyon,Idaho,16027,0
Camas,Idaho,16025,0
Butte,Idaho,16023,0
Boundary,Idaho,16021,0
Bonneville,Idaho,16019,1
Bonner,Idaho,16017,0
Boise,Idaho,16015,0
Blaine,Idaho,16013,1
Bingham,Idaho,16011,0
Benewah,Idaho,16009,0
Bear Lake,Idaho,16007,0
Bannock,Idaho,16005,0
Adams,Idaho,16003,0
Ada,Idaho,16001,6
Maui,Hawaii,15009,0
Kauai,Hawaii,15007,0
Kalawao,Hawaii,15005,0
Honolulu,Hawaii,15003,0
Hawaii,Hawaii,15001,0
Hawaii,Hawaii,15001,0
Worth,Georgia,13321,1
Wilkinson,Georgia,13319,0
Wilkes,Georgia,13317,0
Wilcox,Georgia,13315,0
Whitfield,Georgia,13313,0
White,Georgia,13311,0
Wheeler,Georgia,13309,0
Webster,Georgia,13307,0
Wayne,Georgia,13305,0
Washington,Georgia,13303,0
Warren,Georgia,13301,0
Ware,Georgia,13299,0
Walton,Georgia,13297,0
Walker,Georgia,13295,1
Upson,Georgia,13293,0
Union,Georgia,13291,0
Twiggs,Georgia,13289,0
Turner,Georgia,13287,0
Troup,Georgia,13285,0
Treutlen,Georgia,13283,0
Towns,Georgia,13281,0
Toombs,Georgia,13279,0
Tift,Georgia,13277,0
Thomas,Georgia,13275,0
Terrell,Georgia,13273,0
Telfair,Georgia,13271,0
Taylor,Georgia,13269,0
Tattnall,Georgia,13267,0
Taliaferro,Georgia,13265,0
Talbot,Georgia,13263,0
Sumter,Georgia,13261,0
Stewart,Georgia,13259,0
Stephens,Georgia,13257,0
Spalding,Georgia,13255,1
Seminole,Georgia,13253,0
Screven,Georgia,13251,0
Schley,Georgia,13249,0
Rockdale,Georgia,13247,0
Richmond,Georgia,13245,1
Randolph,Georgia,13243,0
Rabun,Georgia,13241,0
Quitman,Georgia,13239,0
Putnam,Georgia,13237,0
Pulaski,Georgia,13235,0
Polk,Georgia,13233,0
Pike,Georgia,13231,0
Pierce,Georgia,13229,0
Pickens,Georgia,13227,0
Peach,Georgia,13225,0
Paulding,Georgia,13223,0
Oglethorpe,Georgia,13221,0
Oconee,Georgia,13219,0
Newton,Georgia,13217,2
Muscogee,Georgia,13215,0
Murray,Georgia,13213,0
Morgan,Georgia,13211,0
Montgomery,Georgia,13209,0
Monroe,Georgia,13207,0
Mitchell,Georgia,13205,0
Miller,Georgia,13201,0
Meriwether,Georgia,13199,0
Marion,Georgia,13197,0
Madison,Georgia,13195,0
Macon,Georgia,13193,0
McIntosh,Georgia,13191,0
McDuffie,Georgia,13189,0
Lumpkin,Georgia,13187,0
Lowndes,Georgia,13185,0
Long,Georgia,13183,0
Lincoln,Georgia,13181,0
Liberty,Georgia,13179,0
Lee,Georgia,13177,0
Laurens,Georgia,13175,0
Lanier,Georgia,13173,0
Lamar,Georgia,13171,0
Jones,Georgia,13169,0
Johnson,Georgia,13167,0
Jenkins,Georgia,13165,0
Jefferson,Georgia,13163,0
Jeff Davis,Georgia,13161,0
Jasper,Georgia,13159,0
Jackson,Georgia,13157,0
Irwin,Georgia,13155,0
Houston,Georgia,13153,0
Henry,Georgia,13151,0
Heard,Georgia,13149,0
Hart,Georgia,13147,0
Harris,Georgia,13145,0
Haralson,Georgia,13143,0
Hancock,Georgia,13141,0
Hall,Georgia,13139,0
Habersham,Georgia,13137,0
Gwinnett,Georgia,13135,1
Greene,Georgia,13133,0
Grady,Georgia,13131,0
Gordon,Georgia,13129,0
Glynn,Georgia,13127,1
Glascock,Georgia,13125,0
Gilmer,Georgia,13123,0
Fulton,Georgia,13121,3
Franklin,Georgia,13119,0
Forsyth,Georgia,13117,1
Floyd,Georgia,13115,0
Fayette,Georgia,13113,0
Fannin,Georgia,13111,0
Evans,Georgia,13109,0
Emanuel,Georgia,13107,0
Elbert,Georgia,13105,0
Effingham,Georgia,13103,0
Echols,Georgia,13101,0
Early,Georgia,13099,0
Douglas,Georgia,13097,0
Dougherty,Georgia,13095,1
Dooly,Georgia,13093,0
Dodge,Georgia,13091,0
DeKalb,Georgia,13089,1
Decatur,Georgia,13087,0
Dawson,Georgia,13085,0
Dade,Georgia,13083,0
Crisp,Georgia,13081,0
Crawford,Georgia,13079,0
Coweta,Georgia,13077,0
Cook,Georgia,13075,0
Columbia,Georgia,13073,0
Colquitt,Georgia,13071,0
Coffee,Georgia,13069,0
Cobb,Georgia,13067,2
Clinch,Georgia,13065,0
Clayton,Georgia,13063,0
Clay,Georgia,13061,0
Clarke,Georgia,13059,0
Cherokee,Georgia,13057,1
Chattooga,Georgia,13055,0
Chattahoochee,Georgia,13053,0
Chatham,Georgia,13051,0
Charlton,Georgia,13049,0
Catoosa,Georgia,13047,0
Carroll,Georgia,13045,0
Candler,Georgia,13043,0
Camden,Georgia,13039,1
Calhoun,Georgia,13037,0
Butts,Georgia,13035,0
Burke,Georgia,13033,0
Bulloch,Georgia,13031,0
Bryan,Georgia,13029,0
Brooks,Georgia,13027,0
Brantley,Georgia,13025,0
Bleckley,Georgia,13023,0
Bibb,Georgia,13021,0
Berrien,Georgia,13019,0
Ben Hill,Georgia,13017,0
Bartow,Georgia,13015,0
Barrow,Georgia,13013,0
Banks,Georgia,13011,0
Baldwin,Georgia,13009,0
Baker,Georgia,13007,0
Bacon,Georgia,13005,0
Atkinson,Georgia,13003,0
Appling,Georgia,13001,0
Washington,Florida,12133,0
Walton,Florida,12131,0
Wakulla,Florida,12129,1
Volusia,Florida,12127,2
Union,Florida,12125,0
Taylor,Florida,12123,0
Suwannee,Florida,12121,0
Sumter,Florida,12119,3
Seminole,Florida,12117,4
Sarasota,Florida,12115,6
Santa Rosa,Florida,12113,0
St. Lucie,Florida,12111,2
St. Johns,Florida,12109,4
Putnam,Florida,12107,0
Polk,Florida,12105,1
Pinellas,Florida,12103,19
Pasco,Florida,12101,4
Palm Beach,Florida,12099,18
Osceola,Florida,12097,4
Orange,Florida,12095,3
Okeechobee,Florida,12093,0
Okaloosa,Florida,12091,3
Nassau,Florida,12089,1
Monroe,Florida,12087,0
Miami-Dade,Florida,12086,6
Martin,Florida,12085,4
Marion,Florida,12083,5
Manatee,Florida,12081,2
Madison,Florida,12079,0
Liberty,Florida,12077,0
Levy,Florida,12075,0
Leon,Florida,12073,1
Lee,Florida,12071,16
Lake,Florida,12069,3
Lafayette,Florida,12067,0
Jefferson,Florida,12065,0
Jackson,Florida,12063,0
Indian River,Florida,12061,16
Holmes,Florida,12059,0
Hillsborough,Florida,12057,5
Highlands,Florida,12055,3
Hernando,Florida,12053,3
Hendry,Florida,12051,0
Hardee,Florida,12049,0
Hamilton,Florida,12047,0
Gulf,Florida,12045,0
Glades,Florida,12043,0
Gilchrist,Florida,12041,0
Gadsden,Florida,12039,0
Franklin,Florida,12037,0
Flagler,Florida,12035,1
Escambia,Florida,12033,5
Duval,Florida,12031,3
Dixie,Florida,12029,0
DeSoto,Florida,12027,0
Columbia,Florida,12023,0
Collier,Florida,12021,1
Clay,Florida,12019,0
Citrus,Florida,12017,2
Charlotte,Florida,12015,1
Calhoun,Florida,12013,0
Broward,Florida,12011,7
Brevard,Florida,12009,3
Bradford,Florida,12007,0
Bay,Florida,12005,0
Baker,Florida,12003,0
Alachua,Florida,12001,0
District of Columbia,District of Columbia,11001,100
Sussex,Delaware,10005,130
New Castle,Delaware,10003,407
Kent,Delaware,10001,79
Windham,Connecticut,9015,93
Tolland,Connecticut,9013,107
New London,Connecticut,9011,254
New Haven,Connecticut,9009,211
Middlesex,Connecticut,9007,119
Litchfield,Connecticut,9005,116
Hartford,Connecticut,9003,132
Fairfield,Connecticut,9001,194
Yuma,Colorado,8125,0
Weld,Colorado,8123,0
Washington,Colorado,8121,0
Teller,Colorado,8119,0
Summit,Colorado,8117,0
Sedgwick,Colorado,8115,0
San Miguel,Colorado,8113,0
San Juan,Colorado,8111,0
Saguache,Colorado,8109,0
Routt,Colorado,8107,0
Rio Grande,Colorado,8105,0
Rio Blanco,Colorado,8103,0
Pueblo,Colorado,8101,0
Prowers,Colorado,8099,0
Pitkin,Colorado,8097,0
Phillips,Colorado,8095,0
Park,Colorado,8093,0
Ouray,Colorado,8091,0
Otero,Colorado,8089,0
Morgan,Colorado,8087,0
Montrose,Colorado,8085,0
Montezuma,Colorado,8083,0
Moffat,Colorado,8081,0
Mineral,Colorado,8079,0
Mesa,Colorado,8077,0
Logan,Colorado,8075,0
Lincoln,Colorado,8073,0
Las Animas,Colorado,8071,0
Larimer,Colorado,8069,0
La Plata,Colorado,8067,0
Lake,Colorado,8065,0
Kit Carson,Colorado,8063,0
Kiowa,Colorado,8061,0
Jefferson,Colorado,8059,1
Jackson,Colorado,8057,0
Huerfano,Colorado,8055,0
Hinsdale,Colorado,8053,0
Gunnison,Colorado,8051,0
Grand,Colorado,8049,0
Gilpin,Colorado,8047,0
Garfield,Colorado,8045,0
Fremont,Colorado,8043,0
El Paso,Colorado,8041,1
Elbert,Colorado,8039,0
Eagle,Colorado,8037,1
Douglas,Colorado,8035,0
Dolores,Colorado,8033,0
Denver,Colorado,8031,2
Delta,Colorado,8029,0
Custer,Colorado,8027,0
Crowley,Colorado,8025,0
Costilla,Colorado,8023,0
Conejos,Colorado,8021,0
Clear Creek,Colorado,8019,0
Cheyenne,Colorado,8017,0
Chaffee,Colorado,8015,0
Broomfield,Colorado,8014,0
Boulder,Colorado,8013,1
Bent,Colorado,8011,0
Baca,Colorado,8009,0
Archuleta,Colorado,8007,0
Arapahoe,Colorado,8005,1
Alamosa,Colorado,8003,0
Adams,Colorado,8001,1
Yuba,California,6115,1
Yolo,California,6113,3
Ventura,California,6111,4
Tuolumne,California,6109,2
Tulare,California,6107,8
Trinity,California,6105,0
Tehama,California,6103,0
Sutter,California,6101,0
Stanislaus,California,6099,1
Sonoma,California,6097,10
Solano,California,6095,1
Siskiyou,California,6093,1
Sierra,California,6091,0
Shasta,California,6089,0
Santa Cruz,California,6087,14
Santa Clara,California,6085,6
Santa Barbara,California,6083,3
San Mateo,California,6081,3
San Luis Obispo,California,6079,1
San Joaquin,California,6077,2
San Francisco,California,6075,14
San Diego,California,6073,1
San Bernardino,California,6071,5
San Benito,California,6069,0
Sacramento,California,6067,2
Riverside,California,6065,3
Plumas,California,6063,0
Placer,California,6061,0
Orange,California,6059,0
Nevada,California,6057,3
Napa,California,6055,0
Monterey,California,6053,3
Mono,California,6051,0
Modoc,California,6049,0
Merced,California,6047,0
Mendocino,California,6045,11
Mariposa,California,6043,0
Marin,California,6041,8
Madera,California,6039,0
Los Angeles,California,6037,3
Lassen,California,6035,0
Lake,California,6033,2
Kings,California,6031,2
Kern,California,6029,0
Inyo,California,6027,0
Imperial,California,6025,0
Humboldt,California,6023,3
Glenn,California,6021,0
Fresno,California,6019,1
El Dorado,California,6017,0
Del Norte,California,6015,0
Contra Costa,California,6013,4
Colusa,California,6011,0
Calaveras,California,6009,1
Butte,California,6007,1
Amador,California,6005,0
Alpine,California,6003,0
Alameda,California,6001,17
Yell,Arkansas,5149,0
Woodruff,Arkansas,5147,1
White,Arkansas,5145,0
Washington,Arkansas,5143,4
Van Buren,Arkansas,5141,0
Union,Arkansas,5139,0
Stone,Arkansas,5137,1
Sharp,Arkansas,5135,0
Sevier,Arkansas,5133,0
Sebastian,Arkansas,5131,0
Searcy,Arkansas,5129,0
Scott,Arkansas,5127,0
Saline,Arkansas,5125,0
St. Francis,Arkansas,5123,0
Randolph,Arkansas,5121,0
Pulaski,Arkansas,5119,3
Prairie,Arkansas,5117,0
Pope,Arkansas,5115,0
Polk,Arkansas,5113,0
Poinsett,Arkansas,5111,0
Pike,Arkansas,5109,0
Phillips,Arkansas,5107,0
Perry,Arkansas,5105,0
Ouachita,Arkansas,5103,0
Newton,Arkansas,5101,0
Nevada,Arkansas,5099,0
Montgomery,Arkansas,5097,2
Monroe,Arkansas,5095,0
Mississippi,Arkansas,5093,0
Miller,Arkansas,5091,0
Marion,Arkansas,5089,0
Madison,Arkansas,5087,0
Lonoke,Arkansas,5085,0
Logan,Arkansas,5083,0
Little River,Arkansas,5081,0
Lincoln,Arkansas,5079,0
Lee,Arkansas,5077,0
Lawrence,Arkansas,5075,1
Lafayette,Arkansas,5073,0
Johnson,Arkansas,5071,2
Jefferson,Arkansas,5069,0
Jackson,Arkansas,5067,0
Izard,Arkansas,5065,0
Independence,Arkansas,5063,0
Howard,Arkansas,5061,0
Hot Spring,Arkansas,5059,0
Hempstead,Arkansas,5057,0
Greene,Arkansas,5055,1
Grant,Arkansas,5053,0
Garland,Arkansas,5051,0
Fulton,Arkansas,5049,0
Franklin,Arkansas,5047,0
Faulkner,Arkansas,5045,1
Drew,Arkansas,5043,0
Desha,Arkansas,5041,0
Dallas,Arkansas,5039,0
Cross,Arkansas,5037,0
Crittenden,Arkansas,5035,0
Crawford,Arkansas,5033,0
Craighead,Arkansas,5031,0
Conway,Arkansas,5029,1
Columbia,Arkansas,5027,0
Cleveland,Arkansas,5025,1
Cleburne,Arkansas,5023,0
Clay,Arkansas,5021,0
Clark,Arkansas,5019,0
Chicot,Arkansas,5017,0
Carroll,Arkansas,5015,0
Calhoun,Arkansas,5013,0
Bradley,Arkansas,5011,0
Boone,Arkansas,5009,0
Benton,Arkansas,5007,0
Baxter,Arkansas,5005,0
Ashley,Arkansas,5003,0
Arkansas,Arkansas,5001,0
Arkansas,Arkansas,5001,0
Yuma,Arizona,4027,0
Yavapai,Arizona,4025,0
Santa Cruz,Arizona,4023,0
Pinal,Arizona,4021,0
Pima,Arizona,4019,7
Navajo,Arizona,4017,0
Mohave,Arizona,4015,0
Maricopa,Arizona,4013,1
La Paz,Arizona,4012,0
Greenlee,Arizona,4011,0
Graham,Arizona,4009,0
Gila,Arizona,4007,0
Coconino,Arizona,4005,0
Cochise,Arizona,4003,2
Apache,Arizona,4001,0
Yukon-Koyukuk,Alaska,2290,0
Yakutat,Alaska,2282,0
Wrangell,Alaska,2275,0
Valdez-Cordova,Alaska,2261,0
Southeast Fairbanks,Alaska,2240,0
Skagway,Alaska,2230,0
Sitka,Alaska,2220,0
Prince of Wales-Hyder,Alaska,2198,0
Petersburg,Alaska,2195,0
Northwest Arctic,Alaska,2188,0
North Slope,Alaska,2185,0
Nome,Alaska,2180,0
Matanuska-Susitna,Alaska,2170,0
Lake and Peninsula,Alaska,2164,0
Kusilvak,Alaska,2158,0
Kodiak Island,Alaska,2150,0
Ketchikan Gateway,Alaska,2130,0
Kenai Peninsula,Alaska,2122,0
Juneau,Alaska,2110,0
Hoonah-Angoon,Alaska,2105,0
Haines,Alaska,2100,0
Fairbanks North Star,Alaska,2090,0
Dillingham,Alaska,2070,0
Denali,Alaska,2068,0
Bristol Bay,Alaska,2060,0
Bethel,Alaska,2050,0
Anchorage,Alaska,2020,3
Aleutians West,Alaska,2016,0
Aleutians East,Alaska,2013,0
Winston,Alabama,1133,0
Wilcox,Alabama,1131,0
Washington,Alabama,1129,0
Walker,Alabama,1127,2
Tuscaloosa,Alabama,1125,7
Tallapoosa,Alabama,1123,0
Talladega,Alabama,1121,0
Sumter,Alabama,1119,1
Shelby,Alabama,1117,0
St. Clair,Alabama,1115,1
Russell,Alabama,1113,0
Randolph,Alabama,1111,0
Pike,Alabama,1109,0
Pickens,Alabama,1107,1
Perry,Alabama,1105,0
Morgan,Alabama,1103,0
Montgomery,Alabama,1101,3
Monroe,Alabama,1099,0
Mobile,Alabama,1097,2
Marshall,Alabama,1095,0
Marion,Alabama,1093,1
Marengo,Alabama,1091,2
Madison,Alabama,1089,5
Macon,Alabama,1087,0
Lowndes,Alabama,1085,0
Limestone,Alabama,1083,2
Lee,Alabama,1081,2
Lawrence,Alabama,1079,0
Lauderdale,Alabama,1077,0
Lamar,Alabama,1075,2
Jefferson,Alabama,1073,3
Jackson,Alabama,1071,3
Houston,Alabama,1069,1
Henry,Alabama,1067,0
Hale,Alabama,1065,1
Greene,Alabama,1063,0
Geneva,Alabama,1061,1
Franklin,Alabama,1059,0
Fayette,Alabama,1057,3
Etowah,Alabama,1055,1
Escambia,Alabama,1053,1
Elmore,Alabama,1051,2
DeKalb,Alabama,1049,5
Dallas,Alabama,1047,1
Dale,Alabama,1045,0
Cullman,Alabama,1043,1
Crenshaw,Alabama,1041,0
Covington,Alabama,1039,0
Coosa,Alabama,1037,1
Conecuh,Alabama,1035,0
Colbert,Alabama,1033,2
Coffee,Alabama,1031,0
Cleburne,Alabama,1029,1
Clay,Alabama,1027,0
Clarke,Alabama,1025,0
Choctaw,Alabama,1023,0
Chilton,Alabama,1021,1
Cherokee,Alabama,1019,0
Chambers,Alabama,1017,2
Calhoun,Alabama,1015,3
Butler,Alabama,1013,0
Bullock,Alabama,1011,0
Blount,Alabama,1009,0
Bibb,Alabama,1007,0
Barbour,Alabama,1005,1
Baldwin,Alabama,1003,0
Autauga,Alabama,1001,1
